prod_title,by_info,price,avg_cust_review,num_reviews,seller_name,details,url
"Redmi 8A Dual (Sky White, 3GB RAM, 32GB Storage) – Dual Cameras & 5,000 mAH Battery",Brand: Redmi,"₹ 8,299.00",4.1 out of 5 stars,"6,805",Appario Retail Private Ltd,"No-Contact Delivery, 7 Days Replacement, Amazon Delivered, 1 Year Warranty",https://www.amazon.in/Redmi-8A-Dual-White-Storage/dp/B07X3P1N3H/ref=sr_1_2?dchild=1&keywords=redmi+6a+phone&qid=1595700044&sr=8-2
"Panasonic Eluga I6 (2GB RAM, 16GB Storage) (Black)",Visit the Panasonic Store,"₹ 6,499.00",3.0 out of 5 stars,206,eTrade Online,"No-Contact Delivery, 7 Days Replacement, Amazon Delivered, 1 Year Warranty",https://www.amazon.in/Panasonic-Eluga-16GB-Storage-Black/dp/B085W2YQ1F/ref=sr_1_3?dchild=1&keywords=redmi+6a+phone&qid=1595700044&sr=8-3
"Vivo U10 (Electric Blue, 5000 mAH 18W Fast Charge Battery, 3GB RAM, 32GB Storage)",Brand: Vivo,"₹ 10,990.00",4.3 out of 5 stars,"27,617",Appario Retail Private Ltd,"No-Contact Delivery, 7 Days Replacement, Amazon Delivered, 1 Year Warranty",https://www.amazon.in/Test-Exclusive-740/dp/B07DJD1RTM/ref=sr_1_4?dchild=1&keywords=redmi+6a+phone&qid=1595700044&sr=8-4
"Redmi 8A Dual (Sea Blue, 3GB RAM, 32GB Storage) – Dual Cameras & 5,000 mAH Battery",Brand: Redmi,"₹ 8,299.00",4.1 out of 5 stars,"6,805",Appario Retail Private Ltd,"No-Contact Delivery, 7 Days Replacement, Amazon Delivered, 1 Year Warranty",https://www.amazon.in/Redmi-8A-Dual-Blue-Storage/dp/B07WPVLKPW/ref=sr_1_5?dchild=1&keywords=redmi+6a+phone&qid=1595700044&sr=8-5
"Panasonic Eluga Ray 610 (3GB RAM, 32GB Storage) (Black)",Visit the Panasonic Store,,3.8 out of 5 stars,373,,"7 Days Replacement, 1 Year Warranty",https://www.amazon.in/Panasonic-Eluga-Ray-610-Storage/dp/B07ZZ979PN/ref=sr_1_6?dchild=1&keywords=redmi+6a+phone&qid=1595700044&sr=8-6
"Redmi Mi Note 6 Pro (Red, 6GB RAM, 64GB Storage)",Brand: Redmi,,4.1 out of 5 stars,"1,265",,"7 Days Replacement, 1 Year Warranty",https://www.amazon.in/REDMI-Note-PRO-64GB-RED/dp/B07N8SDZ4M/ref=sr_1_7?dchild=1&keywords=redmi+6a+phone&qid=1595700044&sr=8-7
"Redmi 7A (Matte Gold, 2GB RAM, 32GB Storage)",Brand: Redmi,,4.1 out of 5 stars,"1,741",,"7 Days Replacement, 2 Year Warranty",https://www.amazon.in/Redmi-7A-Matte-Gold-Storage/dp/B07X1KT6L3/ref=sr_1_8?dchild=1&keywords=redmi+6a+phone&qid=1595700044&sr=8-8
"Vivo Y91i (Ocean Blue, 2GB RAM, 32GB Storage) with No Cost EMI/Additional Exchange Offers",Brand: Vivo,"₹ 7,990.00",4.1 out of 5 stars,"1,711",Appario Retail Private Ltd,"No-Contact Delivery, 7 Days Replacement, Amazon Delivered, 1 Year Warranty",https://www.amazon.in/Vivo-Storage-Additional-Exchange-Offers/dp/B07KXCKPZZ/ref=sr_1_9?dchild=1&keywords=redmi+6a+phone&qid=1595700044&sr=8-9
"Redmi Mi Note 6 Pro (Red, 4GB RAM, 64GB Storage)",Brand: Redmi,"₹ 13,999.00",4.3 out of 5 stars,241,THE GLOBAL CORNER,"No-Contact Delivery, 7 Days Replacement, Amazon Delivered, 1 Year Warranty",https://www.amazon.in/Redmi-Note-Pro-64GB-Storage/dp/B07M8S3B8G/ref=sr_1_10?dchild=1&keywords=redmi+6a+phone&qid=1595700044&sr=8-10
"Redmi 7A (Matte Blue, 2GB RAM, 32GB Storage)",Brand: Redmi,,4.1 out of 5 stars,"6,024",,"7 Days Replacement, 2 Year Warranty",https://www.amazon.in/Redmi-7A-Matte-Blue-Storage/dp/B07X3P1DR3/ref=sr_1_11?dchild=1&keywords=redmi+6a+phone&qid=1595700044&sr=8-11
Xiaomi Redmi 8A 3GB 32GB Phone (Ocean Blue),Brand: Xiaomi,,4.0 out of 5 stars,198,,"7 Days Replacement, 1 Year Warranty",https://www.amazon.in/Redmi-3GB-32GB-Ocean-Blue/dp/B07YDCNBR9/ref=sr_1_12?dchild=1&keywords=redmi+6a+phone&qid=1595700044&sr=8-12
"Lava Z61 (Gold, 2GB RAM, 16GB Storage)",Brand: Lava,"₹ 6,599.00",3.8 out of 5 stars,839,JME Retail Commerce,"No-Contact Delivery, 7 Days Replacement, Amazon Delivered, 1 Year Warranty",https://www.amazon.in/Lava-Z61-Gold-16GB-Storage/dp/B07HDFJ65V/ref=sr_1_13?dchild=1&keywords=redmi+6a+phone&qid=1595700044&sr=8-13
"Redmi 7A (Matte Black, 2GB RAM, 32GB Storage)",Brand: Redmi,,4.1 out of 5 stars,"4,036",,"7 Days Replacement, 2 Year Warranty",https://www.amazon.in/Redmi-7A-Matte-Black-Storage/dp/B07X3P1DR5/ref=sr_1_18?dchild=1&keywords=redmi+6a+phone&qid=1595700044&sr=8-18
"Samsung Galaxy M21 (Raven Black, 4GB RAM, 64GB Storage)",Visit the Samsung Store,,4.1 out of 5 stars,"17,713",STPL Exclusive Online,"No-Contact Delivery, 7 Days Replacement, Amazon Delivered, 1 Year Warranty",https://www.amazon.in/Test-Exclusive-667/dp/B07HGH8D2R/ref=sr_1_19?dchild=1&keywords=redmi+6a+phone&qid=1595700044&sr=8-19
Xiaomi Redmi 8A 2GB 32GB Phone (Midnight Black),Brand: Xiaomi,,4.0 out of 5 stars,50,,"7 Days Replacement, 1 Year Warranty",https://www.amazon.in/Redmi-8A-32GB-Midnight-Black/dp/B07YDBV1QR/ref=sr_1_20?dchild=1&keywords=redmi+6a+phone&qid=1595700044&sr=8-20
"Samsung Galaxy M21 (Midnight Blue, 4GB RAM, 64GB Storage)",Visit the Samsung Store,,4.1 out of 5 stars,"17,713",STPL Exclusive Online,"No-Contact Delivery, 7 Days Replacement, Amazon Delivered, 1 Year Warranty",https://www.amazon.in/Test-Exclusive-614/dp/B07HGJJ559/ref=sr_1_21?dchild=1&keywords=redmi+6a+phone&qid=1595700044&sr=8-21
"Vivo U20 (Racing Black, Snapdragon 675 AIE, 4GB RAM, 64GB Storage)",Brand: Vivo,"₹ 12,990.00",4.4 out of 5 stars,"14,296",Appario Retail Private Ltd,"No-Contact Delivery, 7 Days Replacement, Amazon Delivered, 1 Year Warranty",https://www.amazon.in/Vivo-Racing-Black-Snapdragon-Storage/dp/B081RV8NB2/ref=sr_1_22?dchild=1&keywords=redmi+6a+phone&qid=1595700044&sr=8-22
"OnePlus 7 Pro (Mirror Grey, 8GB RAM, Fluid AMOLED Display, 256GB Storage, 4000mAH Battery)",Visit the OnePlus Store,"₹ 42,999.00",4.5 out of 5 stars,"22,249",Appario Retail Private Ltd,"No-Contact Delivery, 7 Days Replacement, Amazon Delivered, 1 Year Warranty",https://www.amazon.in/Test-Exclusive-604/dp/B07HGLBZ5R/ref=sr_1_23?dchild=1&keywords=redmi+6a+phone&qid=1595700044&sr=8-23
"OPPO A31 (Fantasy White, 4GB RAM, 64GB Storage) with No Cost EMI/Additional Exchange Offers",Visit the Oppo Store,"₹ 12,490.00",3.9 out of 5 stars,512,Appario Retail Private Ltd,"No-Contact Delivery, 7 Days Replacement, Amazon Delivered, 1 Year Warranty",https://www.amazon.in/Fantasy-Storage-Additional-Exchange-Offers/dp/B08444XVNP/ref=sr_1_24?dchild=1&keywords=redmi+6a+phone&qid=1595700044&sr=8-24
"Realme C2 (Diamond Black, 2GB RAM, 32GB Storage)",Brand: realme,,4.0 out of 5 stars,308,,"7 Days Replacement, 1 Year Warranty",https://www.amazon.in/Realme-2GB-32GB-Diamond-Black/dp/B07TWXNL3F/ref=sr_1_25?dchild=1&keywords=redmi+6a+phone&qid=1595700044&sr=8-25
"Samsung Galaxy M21 (Midnight Blue, 6GB RAM, 128GB Storage)",Visit the Samsung Store,,4.1 out of 5 stars,"17,713",STPL Exclusive Online,"No-Contact Delivery, 7 Days Replacement, Amazon Delivered, 1 Year Warranty",https://www.amazon.in/Test-Exclusive-668/dp/B07HGH88GL/ref=sr_1_26?dchild=1&keywords=redmi+6a+phone&qid=1595700044&sr=8-26
Nillkin Case for Xiaomi Redmi Note 6 Pro Super Frosted Hard Back Cover Hard PC Gold Color,Brand: Nillkin,₹ 599.00,,,Daily Shoppers,"No-Contact Delivery, 10 Days Returnable, Amazon Delivered, 1 Year Warranty",https://www.amazon.in/Nillkin-Xiaomi-Redmi-Super-Frosted/dp/B07L12KV4Q/ref=sr_1_27?dchild=1&keywords=redmi+6a+phone&qid=1595700044&sr=8-27
Nokia 2.2 2/16 Black,Brand: Nokia,,3.5 out of 5 stars,961,,7 Days Replacement,https://www.amazon.in/Nokia-2-2-2-16-%E0%A4%95%E0%A4%BE%E0%A4%B2%E0%A4%BE/dp/B07ST1SG9F/ref=sr_1_28?dchild=1&keywords=redmi+6a+phone&qid=1595700044&sr=8-28
"I Kall K9 Smartphone (6 Inch, 16GB, Dual Sim)",Visit the IKALL Store,"₹ 5,499.00",5.0 out of 5 stars,2,Fabimpex,"No-Contact Delivery, 7 Days Replacement, Amazon Delivered, 1 Year Warranty",https://www.amazon.in/Kall-K9-Smartphone-Inch-16GB/dp/B08CNCB15D/ref=sr_1_29?dchild=1&keywords=redmi+6a+phone&qid=1595700044&sr=8-29
"Mi 10 (Coral Green, 8GB RAM, 256GB Storage) - 108MP Quad Camera, SD 865 Processor, 5G Ready",Brand: Mi,,3.4 out of 5 stars,299,Darshita Electronics,"No-Contact Delivery, 7 Days Replacement, Amazon Delivered, 1 Year Warranty",https://www.amazon.in/Test-A6010-Dummy-Asin_42/dp/B07X4R4F4G/ref=sr_1_30?dchild=1&keywords=redmi+6a+phone&qid=1595700044&sr=8-30
"Aloin Slim Magnetic Flip with Metal Frame & Back Side Transparent Tempered Glass Back, Built-in Powerful Magnet Flip Back Cover Case for Redmi 6A (Black)",Brand: Aloin,₹ 779.00,,,Prem enterprises 1st,"No-Contact Delivery, 10 Days Returnable, Amazon Delivered, Warranty Policy",https://www.amazon.in/Aloin-Transparent-Redmi-6A-Black/dp/B07VDTSJ48/ref=sr_1_31?dchild=1&keywords=redmi+6a+phone&qid=1595700044&sr=8-31
"IKall K4 Plus with 6 inch IPS Display (4GB Ram, 64GB Storage, Dual Sim 4G Volte) (Aqua Blue)",Visit the IKALL Store,"₹ 7,299.00",3.3 out of 5 stars,5,Fabimpex,"No-Contact Delivery, 7 Days Replacement, Amazon Delivered, 1 Year Warranty",https://www.amazon.in/IKall-K4-Plus-Display-Storage/dp/B08B3WQPFD/ref=sr_1_32?dchild=1&keywords=redmi+6a+phone&qid=1595700044&sr=8-32
"IKall K4 Android Mobile (2GB, 16GB)",Visit the IKALL Store,"₹ 4,899.00",1.0 out of 5 stars,1,Fabimpex,"No-Contact Delivery, 7 Days Replacement, Amazon Delivered, 1 Year Warranty",https://www.amazon.in/IKall-K4-Android-Mobile-16GB/dp/B08B3XTY62/ref=sr_1_33?dchild=1&keywords=redmi+6a+phone&qid=1595700044&sr=8-33
"Xifo Wizphone WP003 4G Volte 5.5 Inch Display 4G Smartphone (2GB RAM, 16GB Storage) in Black",Brand: Xifo,"₹ 5,489.00",3.0 out of 5 stars,2,Surya products,"No-Contact Delivery, 7 Days Replacement, Amazon Delivered, Warranty Policy",https://www.amazon.in/Xifo-Wizphone-Display-Smartphone-Storage/dp/B08CSL4MHT/ref=sr_1_34?dchild=1&keywords=redmi+6a+phone&qid=1595700046&sr=8-34
"Samsung Galaxy M40 (Midnight Blue, 6GB RAM, 128GB Storage)",Visit the Samsung Store,"₹ 15,999.00",3.7 out of 5 stars,"12,659",STPL Exclusive Online,"No-Contact Delivery, 7 Days Replacement, Amazon Delivered, 1 Year Warranty",https://www.amazon.in/Test-Exclusive-646/dp/B07HGJKDRR/ref=sr_1_35?dchild=1&keywords=redmi+6a+phone&qid=1595700046&sr=8-35
"Nokia 3.2 (Black, 32 GB) (3 GB RAM)",Brand: Nokia,"₹ 10,299.00",3.6 out of 5 stars,87,Mega_tronics,"No-Contact Delivery, 7 Days Replacement, Amazon Delivered, 1 Year Warranty",https://www.amazon.in/Nokia-3-2-Black-32-RAM/dp/B07RRJ5J7Y/ref=sr_1_36?dchild=1&keywords=redmi+6a+phone&qid=1595700046&sr=8-36
"Redmi 8A (Ocean Blue, 32 GB) (3 GB RAM)",Brand: Redmi,,4.7 out of 5 stars,4,,"7 Days Replacement, 1 Year Warranty",https://www.amazon.in/Redmi-8A-Ocean-Blue-RAM/dp/B0816HCR6G/ref=sr_1_37?dchild=1&keywords=redmi+6a+phone&qid=1595700046&sr=8-37
"OPPO A11K (Flowing Silver, 2GB RAM, 32GB Storage) with No Cost EMI/Additional Exchange Offers",Visit the Oppo Store,"₹ 8,990.00",3.7 out of 5 stars,82,Appario Retail Private Ltd,"No-Contact Delivery, 7 Days Replacement, Amazon Delivered, 1 Year Warranty",https://www.amazon.in/Flowing-Silver-Storage-Additional-Exchange/dp/B086K9CW1W/ref=sr_1_38?dchild=1&keywords=redmi+6a+phone&qid=1595700046&sr=8-38
"OPPO Reno2 F (Sky White, 8GB RAM, 128GB Storage) with No Cost EMI/Additional Exchange Offers",Visit the Oppo Store,"₹ 21,990.00",4.3 out of 5 stars,"1,920",Appario Retail Private Ltd,"No-Contact Delivery, 7 Days Replacement, Amazon Delivered, 1 Year Warranty",https://www.amazon.in/Reno2-Storage-Additional-Exchange-Offers/dp/B07XBYMDTG/ref=sr_1_39?dchild=1&keywords=redmi+6a+phone&qid=1595700046&sr=8-39
Trifty Cute Hello Kitty for Redmi 6A - Pink,Brand: Trifty,₹ 199.00,,,Kavya Enterprises1,"No-Contact Delivery, 10 Days Returnable, Amazon Delivered, Warranty Policy",https://www.amazon.in/Trifty-Hello-Kitty-Redmi-6A/dp/B07MN3CK58/ref=sr_1_40?dchild=1&keywords=redmi+6a+phone&qid=1595700046&sr=8-40
Xiaomi Redmi 8A 2GB 32GB Phone (Ocean Blue),Brand: Xiaomi,,4.0 out of 5 stars,50,,"7 Days Replacement, 1 Year Warranty",https://www.amazon.in/Redmi-8A-32GB-Ocean-Blue/dp/B07YDC16GP/ref=sr_1_41?dchild=1&keywords=redmi+6a+phone&qid=1595700046&sr=8-41
SBA999 A002 Wireless|Bluetooth|Headphones/Headset with Mic and Volume Button Earphone for Mi Note 5 Pro/TS Mi Note 5 Pro/mi 6 Pro/mi 6A/ mi Y2/ Mi A2 (Black),Visit the SBA999 Store,₹ 195.00,,,Buy Genuine Products...,"No-Contact Delivery, 7 Days Replacement, Amazon Delivered, Warranty Policy",https://www.amazon.in/SBA999-Wireless-Bluetooth-Headphones-Earphone/dp/B085HVSMSY/ref=sr_1_42?dchild=1&keywords=redmi+6a+phone&qid=1595700046&sr=8-42
Nillkin Case for Xiaomi Redmi Note 6 Pro Super Frosted Hard Back Cover Hard PC Red Color,Brand: Nillkin,₹ 899.00,,,Daily Shoppers,"No-Contact Delivery, 7 Days Replacement, Amazon Delivered, 1 Year Warranty",https://www.amazon.in/Nillkin-Xiaomi-Redmi-Super-Frosted/dp/B07L11PBGP/ref=sr_1_43?dchild=1&keywords=redmi+6a+phone&qid=1595700046&sr=8-43
"Redmi K20 (Flame Red, 6GB RAM, 64GB Storage)",Brand: Xiaomi,"₹ 21,990.00",4.3 out of 5 stars,2,believe onn,"No-Contact Delivery, 7 Days Replacement, Amazon Delivered, 1 Year Warranty",https://www.amazon.in/Redmi-K20-Flame-64GB-Storage/dp/B07W7LT8TF/ref=sr_1_44?dchild=1&keywords=redmi+6a+phone&qid=1595700046&sr=8-44
Nillkin Case for Xiaomi Redmi Note 7 Pro Super Frosted Hard Back Cover Hard PC Red Color,Brand: Nillkin,₹ 899.00,,,Daily Shoppers,"No-Contact Delivery, 7 Days Replacement, Amazon Delivered, 1 Year Warranty",https://www.amazon.in/Nillkin-Xiaomi-Redmi-Super-Frosted/dp/B07NJNSKLG/ref=sr_1_45?dchild=1&keywords=redmi+6a+phone&qid=1595700046&sr=8-45
"Xiaomi Mi A2 (Gold, 4GB RAM, 64GB Storage)",Brand: Mi,,3.8 out of 5 stars,"30,983",,"7 Days Replacement, 1 Year Warranty",https://www.amazon.in/Mi-A2-Gold-64GB-Storage/dp/B07DJHWT5V/ref=sr_1_46?dchild=1&keywords=redmi+6a+phone&qid=1595700046&sr=8-46
SBA999-A010 Universal/Hanging Neck 360/ Degree Rotation Lazy |Holder Waist Stand Desktop |Holder for Mobile Phone,Visit the SBA999 Store,₹ 169.00,3.0 out of 5 stars,9,Home avenue,"No-Contact Delivery, 7 Days Replacement, Amazon Delivered, Warranty Policy",https://www.amazon.in/SBA999-A010-Universal-Hanging-Rotation-Desktop/dp/B0844ZPWVD/ref=sr_1_47?dchild=1&keywords=redmi+6a+phone&qid=1595700046&sr=8-47
Meizu C9 Pro(Black) 3GB RAM 32GB ROM,Brand: Meizu,"₹ 6,990.00",3.9 out of 5 stars,99,VTM_SLP,"No-Contact Delivery, 7 Days Replacement, Amazon Delivered, 12 Month Warranty",https://www.amazon.in/Meizu-C9-Pro-Black/dp/B072B61MWZ/ref=sr_1_48?dchild=1&keywords=redmi+6a+phone&qid=1595700046&sr=8-48
Nillkin Case for Xiaomi Mi A3 A 3 Sparkle Leather Flip Folio Book Type PC Black Color,Brand: Nillkin,"₹ 1,299.00",5.0 out of 5 stars,1,Daily Shoppers,"No-Contact Delivery, 7 Days Replacement, Amazon Delivered, 1 Year Warranty",https://www.amazon.in/Nillkin-Xiaomi-Sparkle-Leather-Folio/dp/B07WC8M6WR/ref=sr_1_49?dchild=1&keywords=redmi+6a+phone&qid=1595700046&sr=8-49
"I Kall K700 Smartphone (32GB, 4G Volte) (Red)",Visit the IKALL Store,"₹ 6,999.00",5.0 out of 5 stars,1,Fabimpex,"No-Contact Delivery, 7 Days Replacement, Amazon Delivered, 1 Year Warranty",https://www.amazon.in/Kall-K700-%E0%A4%B8%E0%A5%8D%E0%A4%AE%E0%A4%BE%E0%A4%B0%E0%A5%8D%E0%A4%9F%E0%A4%AB%E0%A4%BC%E0%A5%8B%E0%A4%A8-32GB-Volte/dp/B08CKXCX46/ref=sr_1_50?dchild=1&keywords=redmi+6a+phone&qid=1595700049&sr=8-50
Nillkin Super Frosted Shield Hard Back Cover Case for Redmi Note 8 - Black,Brand: Nillkin,₹ 650.00,5.0 out of 5 stars,3,MS WORLD COCHIN,"No-Contact Delivery, 10 days Returnable, Amazon Delivered, 1 Year Warranty",https://www.amazon.in/Nillkin-Super-Frosted-Shield-Cover/dp/B07ZMK85V3/ref=sr_1_51?dchild=1&keywords=redmi+6a+phone&qid=1595700049&sr=8-51
Nillkin Case for Xiaomi Redmi Note 6 Pro Nature Series Back Soft Flexible TPU Grey Color,Brand: Nillkin,₹ 799.00,,,Daily Shoppers,"No-Contact Delivery, 10 days Returnable, Amazon Delivered, 1 Year Warranty",https://www.amazon.in/Nillkin-Xiaomi-Redmi-Nature-Flexible/dp/B07MLRQBZG/ref=sr_1_52?dchild=1&keywords=redmi+6a+phone&qid=1595700049&sr=8-52
Nillkin Case for Xiaomi Mi A2 A 2 / 6X Nature Series Back Soft Flexible TPU Grey Color,Brand: Nillkin,₹ 899.00,,,Daily Shoppers,"No-Contact Delivery, 10 days Returnable, Amazon Delivered, 1 Year Warranty",https://www.amazon.in/Nillkin-Xiaomi-Nature-Flexible-Color/dp/B07KX1R9GF/ref=sr_1_53?dchild=1&keywords=redmi+6a+phone&qid=1595700049&sr=8-53
"Vivo U10 (Electric Blue, 5000 mAH 18W Fast Charge Battery, 4GB RAM, 64GB Storage)",Brand: Vivo,"₹ 12,990.00",4.3 out of 5 stars,"27,617",Appario Retail Private Ltd,"No-Contact Delivery, 7 Days Replacement, Amazon Delivered, 1 Year Warranty",https://www.amazon.in/Test-Exclusive-742/dp/B07DJQLRZN/ref=sr_1_54?dchild=1&keywords=redmi+6a+phone&qid=1595700049&sr=8-54
"I Kall K7 Smartphone (6 Inch, Blue)",Visit the IKALL Store,"₹ 5,499.00",,,Fabimpex,"No-Contact Delivery, 7 Days Replacement, Amazon Delivered, 1 Year Warranty",https://www.amazon.in/Kall-K7-Smartphone-Inch-Blue/dp/B08CN64YGF/ref=sr_1_55?dchild=1&keywords=redmi+6a+phone&qid=1595700049&sr=8-55
"Samsung Galaxy M21 (Raven Black, 6GB RAM, 128GB Storage)",Visit the Samsung Store,,4.1 out of 5 stars,"17,714",STPL Exclusive Online,"No-Contact Delivery, 7 Days Replacement, Amazon Delivered, 1 Year Warranty",https://www.amazon.in/Test-Exclusive-669/dp/B07HGH8ML7/ref=sr_1_56?dchild=1&keywords=redmi+6a+phone&qid=1595700049&sr=8-56
"Nillkin Case for Xiaomi Redmi Note 8 (6.3"" Inch) Soft TPU Rubber Wrapped Protective Case Blue Color",Brand: Nillkin,₹ 875.00,,,SSSTORE,"No-Contact Delivery, 7 Days Replacement, Amazon Delivered, 1 Year Warranty",https://www.amazon.in/Nillkin-Xiaomi-Redmi-%E0%A4%B8%E0%A5%89%E0%A4%AB%E0%A5%8D%E0%A4%9F-%E0%A4%AA%E0%A5%8D%E0%A4%B0%E0%A5%8B%E0%A4%9F%E0%A5%87%E0%A4%95%E0%A5%8D%E0%A4%9F%E0%A4%BF%E0%A4%B5/dp/B0817P1ZF3/ref=sr_1_57?dchild=1&keywords=redmi+6a+phone&qid=1595700049&sr=8-57
Nokia 2.2 Steel 3/32,Brand: Nokia,,3.3 out of 5 stars,47,,7 Days Replacement,https://www.amazon.in/Nokia-2-2-Steel-3-32/dp/B07T3HBZB2/ref=sr_1_58?dchild=1&keywords=redmi+6a+phone&qid=1595700049&sr=8-58
"(Renewed) Mi Redmi 6 (Black, 3GB RAM, 64GB Storage)",Brand: Amazon Renewed,,3.4 out of 5 stars,80,,"7 Days Replacement, 6 Month Warranty",https://www.amazon.in/Renewed-Mi-Redmi-Black-Storage/dp/B07RNDJQWY/ref=sr_1_59?dchild=1&keywords=redmi+6a+phone&qid=1595700049&sr=8-59
"Nillkin Case for Xiaomi Redmi Note 8 Pro (6.53"" Inch) Super Frosted Hard Back Cover PC White Color",Brand: Nillkin,"₹ 1,199.00",,,Daily Shoppers,"No-Contact Delivery, 7 Days Replacement, Amazon Delivered, 1 Year Warranty",https://www.amazon.in/Nillkin-Xiaomi-Redmi-Super-Frosted/dp/B0817P7LC9/ref=sr_1_60?dchild=1&keywords=redmi+6a+phone&qid=1595700049&sr=8-60
"IKall K4 Plus with 6 inch IPS Display (4GB Ram, 64GB Storage, Dual Sim 4G Volte) (Green)",Visit the IKALL Store,"₹ 7,299.00",3.3 out of 5 stars,5,Fabimpex,"No-Contact Delivery, 7 Days Replacement, Amazon Delivered, 1 Year Warranty",https://www.amazon.in/IKall-K4-Plus-Display-Storage/dp/B08B3WKTWR/ref=sr_1_61?dchild=1&keywords=redmi+6a+phone&qid=1595700049&sr=8-61
"Vivo U20 (Blazing Blue, Snapdragon 675 AIE, 6GB RAM, 64GB",Brand: Vivo,"₹ 13,990.00",4.4 out of 5 stars,"14,296",Appario Retail Private Ltd,"No-Contact Delivery, 7 Days Replacement, Amazon Delivered, 1 Year Warranty",https://www.amazon.in/Vivo-Blazing-Blue-Snapdragon-64GB/dp/B081RTYX3L/ref=sr_1_62?dchild=1&keywords=redmi+6a+phone&qid=1595700049&sr=8-62
"TECNO Spark 5 (Ice Jadeite, 2GB RAM, 32GB Storage)",Brand: Tecno,"₹ 9,399.00",4.5 out of 5 stars,265,SkyMobile,"No-Contact Delivery, 7 Days Replacement, Amazon Delivered, 1 Year Warranty",https://www.amazon.in/TECNO-Spark-Jadeite-32GB-Storage/dp/B087K7ZFB6/ref=sr_1_63?dchild=1&keywords=redmi+6a+phone&qid=1595700049&sr=8-63
"OPPO F15 (Lightening Black, 8GB RAM, 128GB Storage, with Offer)",Visit the Oppo Store,,4.1 out of 5 stars,686,,"7 Days Replacement, 1 Year Warranty",https://www.amazon.in/Lightening-Storage-Additional-Exchange-Offers/dp/B07XG2KHCN/ref=sr_1_64?dchild=1&keywords=redmi+6a+phone&qid=1595700049&sr=8-64
"The Discount deal YUHO Y2 PRO (2 GB, 16 GB, Front 8 MP, back 8MP with Dual Camera Moon Night Front Flash) -Charcoal Black",Brand: The Discount deal,,5.0 out of 5 stars,5,,7 Days Replacement,https://www.amazon.in/%E0%A4%AB%E0%A5%8D%E0%A4%B0%E0%A4%82%E0%A4%9F-%E0%A4%A1%E0%A5%8D%E0%A4%AF%E0%A5%81%E0%A4%85%E0%A4%B2-%E0%A4%95%E0%A5%88%E0%A4%AE%E0%A4%B0%E0%A4%BE-%E0%A4%AB%E0%A4%BC%E0%A5%8D%E0%A4%B2%E0%A5%88%E0%A4%B6-%E0%A4%9A%E0%A4%BE%E0%A4%B0%E0%A4%95%E0%A5%8B%E0%A4%B2/dp/B0799N7F34/ref=sr_1_65?dchild=1&keywords=redmi+6a+phone&qid=1595700049&sr=8-65
"IKall K110 (5.5 Inch, 16GB) (Blue)",Visit the IKALL Store,"₹ 4,999.00",1.5 out of 5 stars,3,Fabimpex,"No-Contact Delivery, 7 Days Replacement, Amazon Delivered, 1 Year Warranty",https://www.amazon.in/IKall-K110-Inch-16GB-Blue/dp/B08BHT5PNR/ref=sr_1_65?dchild=1&keywords=redmi+6a+phone&qid=1595700051&sr=8-65
Nillkin Case for Oppo Realme Real Me 5 Pro Super Frosted Hard Back Cover PC Peacock Blue Color,Brand: Nillkin,₹ 775.00,5.0 out of 5 stars,1,SSSTORE,"No-Contact Delivery, 7 Days Replacement, Amazon Delivered, 1 Year Warranty",https://www.amazon.in/Nillkin-Realme-Super-Frosted-Peacock/dp/B0817NZCVV/ref=sr_1_66?dchild=1&keywords=redmi+6a+phone&qid=1595700051&sr=8-66
"Vivo V15 Pro (Ruby Red, 6GB RAM, 128GB Storage)",Brand: Vivo,,4.3 out of 5 stars,"6,958",,"7 Days Replacement, 1 Year Warranty",https://www.amazon.in/Vivo-%E0%A4%91%E0%A4%AB%E0%A4%BC%E0%A4%B0-%E0%A4%B0%E0%A5%82%E0%A4%AC%E0%A5%80-128GB-%E0%A4%B8%E0%A5%8D%E0%A4%9F%E0%A5%8B%E0%A4%B0%E0%A5%87%E0%A4%9C/dp/B07KX1KY4N/ref=sr_1_67?dchild=1&keywords=redmi+6a+phone&qid=1595700051&sr=8-67
"I Kall K700 Smartphone (32GB, 4G Volte) (Green)",Visit the IKALL Store,"₹ 6,999.00",5.0 out of 5 stars,1,Fabimpex,"No-Contact Delivery, 7 Days Replacement, Amazon Delivered, 1 Year Warranty",https://www.amazon.in/Kall-K700-Smartphone-Volte-Green/dp/B08CKXK9CG/ref=sr_1_68?dchild=1&keywords=redmi+6a+phone&qid=1595700051&sr=8-68
"LG W10 (Smoky Gray, 3GB RAM, 32GB Storage)",Visit the LG Store,,3.3 out of 5 stars,964,,"7 Days Replacement, 1 Year Warranty",https://www.amazon.in/LG-Smoky-Gray-32GB-Storage/dp/B07S9KHTQR/ref=sr_1_69?dchild=1&keywords=redmi+6a+phone&qid=1595700051&sr=8-69
"Honor 7C (Blue, 4GB RAM, 64GB Storage)",Visit the Honor Store,"₹ 14,989.00",4.0 out of 5 stars,"10,539",TODAY'S DEAL,"No-Contact Delivery, 7 Days Replacement, Amazon Delivered, 1 Year Warranty",https://www.amazon.in/Honor-Blue-4GB-64GB-Storage/dp/B078BNWWFX/ref=sr_1_70?dchild=1&keywords=redmi+6a+phone&qid=1595700051&sr=8-70
GO SHOPS G016 Wireless Sports Bluetooth Magnet Earphone Hands-Free Headphone for All Smartphone (Multicolor),Brand: GO SHOPS,₹ 349.00,1.0 out of 5 stars,1,GO SHOPS® Online Store(100% CUSTOMER SATISFACTION),"No-Contact Delivery, 7 Days Replacement, Amazon Delivered, 1 Year Warranty",https://www.amazon.in/GO-SHOPS-Hands-Free-Smartphone-Multicolor/dp/B08629XGGZ/ref=sr_1_71?dchild=1&keywords=redmi+6a+phone&qid=1595700051&sr=8-71
"I Kall K8 Smartphone (16GB, 4G Volte) (Green)",Visit the IKALL Store,"₹ 4,899.00",5.0 out of 5 stars,1,Fabimpex,"No-Contact Delivery, 7 Days Replacement, Amazon Delivered, 1 Year Warranty",https://www.amazon.in/Kall-K8-Smartphone-Volte-Green/dp/B08CNC4PFF/ref=sr_1_72?dchild=1&keywords=redmi+6a+phone&qid=1595700051&sr=8-72
Nillkin Case for Xiaomi Redmi Note 6 Pro Qin Genuine Classic Leather Flip Folio PC with Card Slot Brown Color,Brand: Nillkin,₹ 599.00,,,Daily Shoppers,"No-Contact Delivery, 7 Days Replacement, Amazon Delivered, 1 Year Warranty",https://www.amazon.in/Nillkin-Xiaomi-Genuine-Classic-Leather/dp/B07L137ZZY/ref=sr_1_73?dchild=1&keywords=redmi+6a+phone&qid=1595700051&sr=8-73
"I Kall K210 (5.5 Inch, 16GB, 4G Volte Dual Sim) (Rose Gold)",Visit the IKALL Store,"₹ 4,999.00",4.0 out of 5 stars,2,Fabimpex,"No-Contact Delivery, 7 Days Replacement, Amazon Delivered, 1 Year Warranty",https://www.amazon.in/Kall-K210-Inch-16GB-Volte/dp/B08BRXN3J2/ref=sr_1_74?dchild=1&keywords=redmi+6a+phone&qid=1595700051&sr=8-74
"Mi A2 (Red, 4GB RAM, 64GB Storage)",Brand: Mi,,3.9 out of 5 stars,"4,726",,"7 Days Replacement, 1 Year Warranty",https://www.amazon.in/Mi-A2-Red-64GB-Storage/dp/B077PWJ8RX/ref=sr_1_75?dchild=1&keywords=redmi+6a+phone&qid=1595700051&sr=8-75
Mixen Orientel KX-T777 Landline Phone Telephone Corded Phone for Office and Home Purpose_Brown,Brand: Mixen,₹ 770.00,4.0 out of 5 stars,1,Mixen,"No-Contact Delivery, 7 Days Replacement, Amazon Delivered, Warranty Policy",https://www.amazon.in/Mixen-Orientel-Landline-Telephone-Purpose_Brown/dp/B0837M91CQ/ref=sr_1_76?dchild=1&keywords=redmi+6a+phone&qid=1595700051&sr=8-76
"I Kall K800 Smartphone (5.5 Inch Display, 2GB Ram, 16GB ROM, 4G Volte) (Blue)",Visit the IKALL Store,"₹ 4,999.00",5.0 out of 5 stars,1,Fabimpex,"No-Contact Delivery, 7 Days Replacement, Amazon Delivered, 1 Year Warranty",https://www.amazon.in/Kall-K800-Smartphone-Display-Volte/dp/B08B8TCQK7/ref=sr_1_77?dchild=1&keywords=redmi+6a+phone&qid=1595700051&sr=8-77
Nillkin Screen Guard for Xiaomi Mi A3 A 3 Whole Set Version Matte Anti Glare Front + Camera Sticker,Brand: Nillkin,₹ 899.00,,,Daily Shoppers,"No-Contact Delivery, 7 Days Replacement, Amazon Delivered, 1 Year Warranty",https://www.amazon.in/Nillkin-Screen-Xiaomi-Version-Sticker/dp/B07WLLHVD7/ref=sr_1_78?dchild=1&keywords=redmi+6a+phone&qid=1595700051&sr=8-78
"Centric Mobile A1 3GB 32GB 4G Volte Snapdragon Octacore Smartphone (Metallic Grey, 32G)",Brand: Centric,"₹ 8,499.00",2.6 out of 5 stars,7,TODAY'S DEAL,"No-Contact Delivery, 7 Days Replacement, Amazon Delivered, 1 Year Warranty",https://www.amazon.in/A1-Snapdragon-Octacore-Smartphone-Metallic/dp/B078NZ8QGR/ref=sr_1_79?dchild=1&keywords=redmi+6a+phone&qid=1595700051&sr=8-79
"Gome C7 Note (Gold, 3GB RAM, 32GB Storage)",Brand: Gome,"₹ 10,899.00",3.6 out of 5 stars,28,OMNI RETAIL,"No-Contact Delivery, 7 Days Replacement, Amazon Delivered, 1 Year Warranty",https://www.amazon.in/Gome-C7-Note-Gold-Storage/dp/B07P5RMDP1/ref=sr_1_80?dchild=1&keywords=redmi+6a+phone&qid=1595700051&sr=8-80
Nillkin Frosted Shield Ultra Thin Hard Plastic Back Cover Case for Xiaomi Redmi Note 8 (Blue),Brand: Nillkin,"₹ 1,199.00",,,Daily Shoppers,"No-Contact Delivery, 10 Days Returnable, Amazon Delivered, 1 Year Warranty",https://www.amazon.in/Nillkin-Frosted-Shield-Plastic-Xiaomi/dp/B07ZQC5QBS/ref=sr_1_81?dchild=1&keywords=redmi+6a+phone&qid=1595700054&sr=8-81
"Nillkin Case for Xiaomi Redmi Note 8 Pro (6.53"" Inch) Super Frosted Hard Back Cover PC Black Color",Brand: Nillkin,"₹ 1,199.00",,,Daily Shoppers,"7 Days Replacement, 1 Year Warranty",https://www.amazon.in/Nillkin-Xiaomi-Redmi-Super-Frosted/dp/B0817NMH2X/ref=sr_1_82?dchild=1&keywords=redmi+6a+phone&qid=1595700054&sr=8-82
"(Renewed) Mi 5 (White, 32GB)",Brand: Amazon Renewed,"₹ 10,990.00",3.3 out of 5 stars,12,e-Bazar,"No-Contact Delivery, 7 Days Replacement, Amazon Delivered, 6 Month Warranty",https://www.amazon.in/Certified-REFURBISHED-Mi-White-32GB/dp/B0744R3BVC/ref=sr_1_83?dchild=1&keywords=redmi+6a+phone&qid=1595700054&sr=8-83
"I Kall K201 (6.26 Inch, 16GB) (Green)",Visit the IKALL Store,"₹ 5,799.00",3.5 out of 5 stars,3,Fabimpex,"No-Contact Delivery, 7 Days Replacement, Amazon Delivered, 1 Year Warranty",https://www.amazon.in/Kall-K201-6-26-Inch-Green/dp/B08CVC6Z9X/ref=sr_1_84?dchild=1&keywords=redmi+6a+phone&qid=1595700054&sr=8-84
Nillkin Tempered Glass for Xiaomi Mi Mix 2 / Xiaomi Mi Mix 2s CP+ Pro 0.3mm Thin Glass Edge Shaterproof Full Screen Coverage Explosion Proof Screen Protect Black Color,Brand: Nillkin,"₹ 2,799.00",,,Daily Shoppers,"No-Contact Delivery, 7 Days Replacement, Amazon Delivered, 1 Year Warranty",https://www.amazon.in/Nillkin-Tempered-Shaterproof-Coverage-Explosion/dp/B0817P7WR2/ref=sr_1_85?dchild=1&keywords=redmi+6a+phone&qid=1595700054&sr=8-85
"I Kall K110 (5.5 Inch, 16GB, Dual Sim) (Black)",Visit the IKALL Store,"₹ 4,999.00",,,Fabimpex,"No-Contact Delivery, 7 Days Replacement, Amazon Delivered, 1 Year Warranty",https://www.amazon.in/Kall-K110-Inch-16GB-Black/dp/B08CNCYZ52/ref=sr_1_86?dchild=1&keywords=redmi+6a+phone&qid=1595700054&sr=8-86
SHIVANSH ForStar Amosta 3G5 Android Smartphone 4 Inch Display Resolution 480 X 800 Pixels 4GB ROM 512 mb RAM Black Made in India,Brand: SHIVANSH,"₹ 1,599.00",3.6 out of 5 stars,6,Shivansh mobile,"No-Contact Delivery, 7 Days Replacement, Amazon Delivered, Warranty Policy",https://www.amazon.in/SHIVANSH-ForStar-Android-Smartphone-Resolution/dp/B08CKV2KJJ/ref=sr_1_87?dchild=1&keywords=redmi+6a+phone&qid=1595700054&sr=8-87
"Mi 10 (Twilight Grey, 8GB RAM, 256GB Storage) - 108MP Quad Camera, SD 865 Processor, 5G Ready",Brand: Mi,,3.4 out of 5 stars,299,Darshita Electronics,"No-Contact Delivery, 7 Days Replacement, Amazon Delivered, 1 Year Warranty",https://www.amazon.in/Test-A6010-Dummy-Asin_41/dp/B07X3P29LF/ref=sr_1_88?dchild=1&keywords=redmi+6a+phone&qid=1595700054&sr=8-88
"Honor 9N (Black, 4GB RAM, 128GB Storage)",Visit the Honor Store,,4.0 out of 5 stars,"4,848",,"7 Days Replacement, 1 Year Warranty",https://www.amazon.in/Honor-9N-Ram-128-ROM/dp/B07G47D229/ref=sr_1_89?dchild=1&keywords=redmi+6a+phone&qid=1595700054&sr=8-89
Nillkin Tempered Glass for Xiaomi Mi A3 A 3 Amazing H+ Pro Explosion Proof Screen Protect + Camera Film,Brand: Nillkin,"₹ 1,399.00",4.0 out of 5 stars,1,Daily Shoppers,"No-Contact Delivery, 7 Days Replacement, Amazon Delivered, 1 Year Warranty",https://www.amazon.in/Nillkin-Tempered-Amazing-Explosion-Protect/dp/B07W83R3LG/ref=sr_1_90?dchild=1&keywords=redmi+6a+phone&qid=1595700054&sr=8-90
Rage magic 35 B Smart Dual Sim Phone Android -white Color,Brand: Rage Mobiles,,,,,7 Days Replacement,https://www.amazon.in/Rage-magic-Smart-Android-white/dp/B00M1PDZGI/ref=sr_1_91?dchild=1&keywords=redmi+6a+phone&qid=1595700054&sr=8-91
Nillkin Case for Xiaomi Redmi Note 7 Super Frosted Hard Back Cover Hard PC White Color,Brand: Nillkin,"₹ 1,299.00",,,Daily Shoppers,"No-Contact Delivery, 7 Days Replacement, Amazon Delivered, 1 Year Warranty",https://www.amazon.in/Nillkin-Xiaomi-Redmi-Super-Frosted/dp/B07PQCFL5K/ref=sr_1_92?dchild=1&keywords=redmi+6a+phone&qid=1595700054&sr=8-92
"OPPO A5S (Red, 2GB RAM, 32GB Storage) with No Cost EMI/Additional Exchange Offers",Visit the Oppo Store,"₹ 12,990.00",4.1 out of 5 stars,"2,915",Appario Retail Private Ltd,"No-Contact Delivery, 7 Days Replacement, Amazon Delivered, 1 Year Warranty",https://www.amazon.in/OPPO-Storage-Additional-Exchange-Offers/dp/B07PRBKTSH/ref=sr_1_93?dchild=1&keywords=redmi+6a+phone&qid=1595700054&sr=8-93
"IKall K6 Smartphone (6.26 inch Water Drop Display, 32GB, Dual Sim 4G Volte) (Red)",Visit the IKALL Store,"₹ 6,699.00",5.0 out of 5 stars,1,Fabimpex,"No-Contact Delivery, 7 Days Replacement, Amazon Delivered, 1 Year Warranty",https://www.amazon.in/IKall-K6-Smartphone-Water-Display/dp/B08B7S37HD/ref=sr_1_94?dchild=1&keywords=redmi+6a+phone&qid=1595700054&sr=8-94
"Realme 5i (Aqua Blue, 4GB RAM, 128GB Storage)",Brand: realme,,3.4 out of 5 stars,3,,"7 Days Replacement, 1 Year Warranty",https://www.amazon.in/Realme-Aqua-Blue-128GB-Storage/dp/B085WYR5HT/ref=sr_1_95?dchild=1&keywords=redmi+6a+phone&qid=1595700054&sr=8-95
Honor Bee 2 4G VoLTE (Gold),Visit the Honor Store,,3.5 out of 5 stars,100,,"7 Days Replacement, 1 Year Warranty",https://www.amazon.in/Honor-Bee-4G-VoLTE-Gold/dp/B0711G2YKH/ref=sr_1_96?dchild=1&keywords=redmi+6a+phone&qid=1595700054&sr=8-96
"Nillkin Case for Xiaomi Redmi Note 8 (6.3"" Inch) Soft TPU Rubber Wrapped Protective Case Black Color",Brand: Nillkin,₹ 875.00,,,SSSTORE,"No-Contact Delivery, 7 Days Replacement, Amazon Delivered, 1 Year Warranty",https://www.amazon.in/Nillkin-Xiaomi-Rubber-Wrapped-Protective/dp/B0817PF81L/ref=sr_1_97?dchild=1&keywords=redmi+6a+phone&qid=1595700057&sr=8-97
Spice Smart Flo Edge Mi-349 (White),Brand: Spice,,,,,"7 Days Replacement, 1 Year Warranty",https://www.amazon.in/Spice-Smart-Edge-Mi-349-White/dp/B00GIK2N74/ref=sr_1_98?dchild=1&keywords=redmi+6a+phone&qid=1595700057&sr=8-98
"YUHO Y1 Mobile - Champagne Gold Android 6.0, Android Smart Phone Metallic Design",Brand: YUHO,"₹ 6,499.00",5.0 out of 5 stars,1,Mobile N Gadgets,"No-Contact Delivery, 7 Days Replacement, Amazon Delivered, Warranty Policy",https://www.amazon.in/YUHO-Y1-MOBILE-CHAMPAGNE-GOLD/dp/B074RHMRPV/ref=sr_1_99?dchild=1&keywords=redmi+6a+phone&qid=1595700057&sr=8-99
"Mi 10 (Twilight Grey, 8GB RAM, 128GB Storage) - 108MP Quad Camera, SD 865 Processor, 5G Ready",Brand: Mi,,3.4 out of 5 stars,299,Darshita Electronics,"No-Contact Delivery, 7 Days Replacement, Amazon Delivered, 1 Year Warranty",https://www.amazon.in/Test-A6010-Dummy-Asin_39/dp/B07WZG2YR3/ref=sr_1_100?dchild=1&keywords=redmi+6a+phone&qid=1595700057&sr=8-100
"IKall K6 Smartphone (6.26 inch Water Drop Display, 32GB, Dual Sim 4G Volte) (Red)",Visit the IKALL Store,"₹ 6,699.00",5.0 out of 5 stars,1,Fabimpex,"No-Contact Delivery, 7 Days Replacement, Amazon Delivered, 1 Year Warranty",https://www.amazon.in/IKall-K6-Smartphone-Water-Display/dp/B08B7S37HD/ref=sr_1_101?dchild=1&keywords=redmi+6a+phone&qid=1595700057&sr=8-101
Prakal Antique Telephone Corded Elegant Phone Retro Style Trimline Telephones Landline with Metal Buttons Blue Incoming-Call Flashlight for Home Hotel(Brown),Brand: Prakal,₹ 770.00,4.3 out of 5 stars,13,Prakal,"No-Contact Delivery, 7 Days Replacement, Amazon Delivered, Warranty Policy",https://www.amazon.in/Prakal-Telephone-Telephones-Incoming-Call-Flashlight/dp/B082PRLLYH/ref=sr_1_102?dchild=1&keywords=redmi+6a+phone&qid=1595700057&sr=8-102
"Centric L1 (2GB RAM , White)",Brand: Centric,,4.4 out of 5 stars,2,,"7 Days Replacement, 1 Year Warranty",https://www.amazon.in/Centric-L1-L1-CM2221/dp/B0778PBR7L/ref=sr_1_103?dchild=1&keywords=redmi+6a+phone&qid=1595700057&sr=8-103
"I Kall K800 Smartphone (5.5 Inch Display, 2GB Ram, 16GB ROM, 4G Volte) (Gold)",Visit the IKALL Store,"₹ 4,999.00",5.0 out of 5 stars,1,Fabimpex,"No-Contact Delivery, 7 Days Replacement, Amazon Delivered, 1 Year Warranty",https://www.amazon.in/Kall-K800-Smartphone-Display-Volte/dp/B08B8VC8KS/ref=sr_1_104?dchild=1&keywords=redmi+6a+phone&qid=1595700057&sr=8-104
Swiss Voice Epure CH-01 Mobile Handset (White/Orange),Brand: swissvoice,"₹ 1,484.00",4.1 out of 5 stars,58,The Tech World,"No-Contact Delivery, 10 Days Replacement, Amazon Delivered, 1 Year Warranty",https://www.amazon.in/Swiss-Voice-Mobile-Handset-Orange/dp/B005GNYZH0/ref=sr_1_105?dchild=1&keywords=redmi+6a+phone&qid=1595700057&sr=8-105
"Swipe Elite Sense (Ivory White, 3GB RAM + 32GB Memory)",Brand: Swipe,"₹ 6,589.00",2.2 out of 5 stars,80,Mobile Marketing 1,"No-Contact Delivery, 7 Days Replacement, Amazon Delivered, 1 Year Warranty",https://www.amazon.in/Swipe-Elite-Sense-Ivory-White/dp/B07CKT6DPK/ref=sr_1_106?dchild=1&keywords=redmi+6a+phone&qid=1595700057&sr=8-106
"Lava X81 (Space Grey, Volte)",Brand: Lava,,3.2 out of 5 stars,88,,"7 Days Replacement, 1 Year Warranty",https://www.amazon.in/Lava-X81-Space-Grey-Volte/dp/B01HRTX9T0/ref=sr_1_107?dchild=1&keywords=redmi+6a+phone&qid=1595700057&sr=8-107
I Kall K9 with Mini Cooler and Pop Mobile Stand,Visit the IKALL Store,"₹ 5,699.00",1.4 out of 5 stars,3,Fabimpex,"No-Contact Delivery, 7 Days Replacement, Amazon Delivered, 1 Year Warranty",https://www.amazon.in/Kall-K9-Cooler-Mobile-Stand/dp/B08C2BF4QN/ref=sr_1_108?dchild=1&keywords=redmi+6a+phone&qid=1595700057&sr=8-108
Spice Stellar Mi-361 (Grey),Brand: Spice,,4.0 out of 5 stars,2,,"7 Days Replacement, 1 Year Warranty",https://www.amazon.in/Spice-Mi-361-Stellar-Grey/dp/B00MAB2OQ0/ref=sr_1_109?dchild=1&keywords=redmi+6a+phone&qid=1595700057&sr=8-109
Gionee P5W (Black),Brand: Gionee,,3.3 out of 5 stars,208,,"7 Days Replacement, 1 Year Warranty",https://www.amazon.in/Gionee-P5W-Black/dp/B01B4VFH6U/ref=sr_1_110?dchild=1&keywords=redmi+6a+phone&qid=1595700057&sr=8-110
"LG Q7 (Aurora Black, 3GB RAM, 32GB Storage)",Visit the LG Store,"₹ 10,900.00",3.6 out of 5 stars,119,M.S.TRADERS-FBA-SLP SAMSUNG AUTHORISED,"No-Contact Delivery, 7 Days Replacement, Amazon Delivered, 1 Year Warranty",https://www.amazon.in/LG-Q7-Aurora-Black-Storage/dp/B07GZ5BX6P/ref=sr_1_111?dchild=1&keywords=redmi+6a+phone&qid=1595700057&sr=8-111
"Rage Mobiles magic 35 B Smart Android Phone (Dual Sim, Black)",Brand: Rage Mobiles,,4.0 out of 5 stars,1,,7 Days Replacement,https://www.amazon.in/Rage-magic-Smart-Android-Black/dp/B00M1PDVXU/ref=sr_1_112?dchild=1&keywords=redmi+6a+phone&qid=1595700057&sr=8-112
"Surya Nibiru Model Venus J1 4G LTE with 2 GB RAM Model with 6.0-inch 1080p Display, (Reliance Jio 4G Sim Support) 16 GB Internal Memory and 13 Mpix /5 Mpix Camera HD Smartphone in White Colour",Brand: Surya,"₹ 5,099.00",1.5 out of 5 stars,2,Surya products,"No-Contact Delivery, 7 Days Replacement, Amazon Delivered, Warranty Policy",https://www.amazon.in/Surya-6-0-inch-Reliance-Internal-Smartphone/dp/B08CCSMXSG/ref=sr_1_113?dchild=1&keywords=redmi+6a+phone&qid=1595700060&sr=8-113
"Nillkin Case for Xiaomi Redmi Note 8 Pro (6.53"" Inch) Sparkle Leather Flip Folio Book Type PC Black Color",Brand: Nillkin,"₹ 1,399.00",,,Daily Shoppers,"No-Contact Delivery, 7 Days Replacement, Amazon Delivered, 1 Year Warranty",https://www.amazon.in/Nillkin-Xiaomi-Redmi-Sparkle-Leather/dp/B0817PN1LH/ref=sr_1_114?dchild=1&keywords=redmi+6a+phone&qid=1595700060&sr=8-114
Nillkin Frosted Shield Ultra Thin Hard Plastic Back Cover Case for Xiaomi Redmi Note 8 (Red),Brand: Nillkin,₹ 799.00,,,SSSTORE,"No-Contact Delivery, 10 Days Returnable, Amazon Delivered, 1 Year Warranty",https://www.amazon.in/Nillkin-Frosted-Shield-Plastic-Xiaomi/dp/B07ZQFYD15/ref=sr_1_115?dchild=1&keywords=redmi+6a+phone&qid=1595700060&sr=8-115
"Vivo Y11 (Mineral Blue, 3GB RAM, 32GB Storage) with No Cost EMI/Additional Exchange Offers",Brand: Vivo,,4.0 out of 5 stars,2,,"7 Days Replacement, 1 Year Warranty",https://www.amazon.in/Vivo-Mineral-Storage-Additional-Exchange/dp/B083ZX717L/ref=sr_1_116?dchild=1&keywords=redmi+6a+phone&qid=1595700060&sr=8-116
"Mi Max 2 (Black, 4GB RAM, 64GB Storage)",Brand: Mi,"₹ 16,400.00",4.3 out of 5 stars,"3,838",BHAIRAV INFOCOM,"No-Contact Delivery, 7 Days Replacement, Amazon Delivered, 1 Year Warranty",https://www.amazon.in/Mi-Max-Black-64GB-Storage/dp/B073VLGL5Y/ref=sr_1_117?dchild=1&keywords=redmi+6a+phone&qid=1595700060&sr=8-117
srekart Camera Lens Glass with Adhesive Sticker for Xiaomi Redmi 6A and 6 Camera tempard by srekart,Brand: srekart,,,,,"7 Days Replacement, Warranty Policy",https://www.amazon.in/srekart-Camera-Adhesive-Sticker-tempard/dp/B07YL71T4D/ref=sr_1_118?dchild=1&keywords=redmi+6a+phone&qid=1595700060&sr=8-118
Gionee P7 (Gold),Brand: Gionee,,2.8 out of 5 stars,37,,"7 Days Replacement, 1 Year Warranty",https://www.amazon.in/Gionee-P7-Gold/dp/B01N0ST2EW/ref=sr_1_119?dchild=1&keywords=redmi+6a+phone&qid=1595700060&sr=8-119
"Samsung Galaxy Note 10 (Aura Black, 8GB RAM, 256GB Storage) with No Cost EMI/Additional Exchange Offers",Visit the Samsung Store,"₹ 73,600.00",4.4 out of 5 stars,213,Appario Retail Private Ltd,"No-Contact Delivery, 7 Days Replacement, Amazon Delivered, 1 Year Warranty",https://www.amazon.in/Samsung-Galaxy-Storage-Additional-Exchange/dp/B07PRBL6QD/ref=sr_1_120?dchild=1&keywords=redmi+6a+phone&qid=1595700060&sr=8-120
"Honor 9N (Black, 4GB RAM, 64GB Storage)",Visit the Honor Store,,4.0 out of 5 stars,"4,848",,"7 Days Replacement, 1 Year Warranty",https://www.amazon.in/Honor-Black-4GB-64GB-Storage/dp/B07N6MJWDX/ref=sr_1_121?dchild=1&keywords=redmi+6a+phone&qid=1595700060&sr=8-121
"Rage Mobiles magic 35 B Smart Android Phone (Dual Sim, Black)",Brand: Rage Mobiles,,4.0 out of 5 stars,1,,7 Days Replacement,https://www.amazon.in/Rage-magic-Smart-Android-Black/dp/B00M1PDVXU/ref=sr_1_122?dchild=1&keywords=redmi+6a+phone&qid=1595700060&sr=8-122
"OPPO F1 (Gold, 3GB)",Visit the Oppo Store,,3.8 out of 5 stars,197,,"7 Days Replacement, 1 Year Warranty",https://www.amazon.in/Oppo-F1-OPPO-Gold-3GB/dp/B01BD8G3W6/ref=sr_1_123?dchild=1&keywords=redmi+6a+phone&qid=1595700060&sr=8-123
"ZOPO Smart Phone F5 - 4G VoLTE - (Rose Gold, 2GB RAM +16GB ROM)",Brand: Zopo,,2.6 out of 5 stars,52,,"7 Days Replacement, 1 Year Warranty",https://www.amazon.in/ZOPO-Smart-Phone-F5-VoLTE/dp/B01M9J7R1R/ref=sr_1_124?dchild=1&keywords=redmi+6a+phone&qid=1595700060&sr=8-124
"Honor 9N (Blue, 4GB RAM, 64GB Storage)",Visit the Honor Store,,4.0 out of 5 stars,"4,848",,"7 Days Replacement, 1 Year Warranty",https://www.amazon.in/Honor-Blue-4GB-64GB-Storage/dp/B07R2W2WTS/ref=sr_1_125?dchild=1&keywords=redmi+6a+phone&qid=1595700060&sr=8-125
"(Renewed) Redmi Note 5 MZB5915IN (Black, 3GB RAM, 32GB Storage)",Brand: Amazon Renewed,"₹ 9,490.00",3.2 out of 5 stars,41,Mobile Forum,"No-Contact Delivery, 7 Days Replacement, Amazon Delivered, 6 Month Warranty",https://www.amazon.in/%E0%A4%A8%E0%A4%B5%E0%A5%80%E0%A4%A8%E0%A5%80%E0%A4%95%E0%A5%83%E0%A4%A4-Redmi-Note-MZB5915IN-%E0%A4%B8%E0%A5%8D%E0%A4%9F%E0%A5%8B%E0%A4%B0%E0%A5%87%E0%A4%9C/dp/B07JP8JMLP/ref=sr_1_126?dchild=1&keywords=redmi+6a+phone&qid=1595700060&sr=8-126
"Generic Back Case Cover for Samsung Galaxy A70, Soft Flexible Matte Finish Smooth Grip Candy Case (Transparent)",Brand: Generic,₹ 125.00,,,CanDeal Mart,"No-Contact Delivery, 10 Days Returnable, Amazon Delivered, 5 Year Warranty",https://www.amazon.in/Generic-Samsung-A70-Flexible-Transparent/dp/B0895SDW1D/ref=sr_1_127?dchild=1&keywords=redmi+6a+phone&qid=1595700060&sr=8-127
"Comio C1 (Space Black, 32GB)",Brand: COMIO,,3.4 out of 5 stars,31,,"7 Days Replacement, 15 Month Warranty",https://www.amazon.in/Comio-C1-Space-Black-32GB/dp/B075GQB5DV/ref=sr_1_128?dchild=1&keywords=redmi+6a+phone&qid=1595700060&sr=8-128
"Nillkin Case for Samsung Galaxy S9 S 9 (5.8"" Inch) Sparkle Leather Flip Folio Book Type PC Gold Color",Brand: Nillkin,₹ 799.00,,,Daily Shoppers,"No-Contact Delivery, 10 days Returnable, Amazon Delivered, 1 Year Warranty",https://www.amazon.in/Nillkin-Samsung-Galaxy-Sparkle-Leather/dp/B07KX2VXH2/ref=sr_1_129?dchild=1&keywords=redmi+6a+phone&qid=1595700063&sr=8-129
Nillkin Case for Samsung Galaxy J6 Plus/J 6 Prime Super Frosted Hard Back Cover Hard PC Red Color,Brand: Nillkin,₹ 899.00,5.0 out of 5 stars,1,Daily Shoppers,"7 Days Replacement, 1 Year Warranty",https://www.amazon.in/Nillkin-Samsung-Galaxy-Prime-Frosted/dp/B07L11W1V7/ref=sr_1_130?dchild=1&keywords=redmi+6a+phone&qid=1595700063&sr=8-130
"Aloin® Slim Magnetic Flip with Metal Frame & Back Side Transparent Tempered Glass Back, Built-in Powerful Magnet Flip Back Cover Case for REALME C2 (Black)",Brand: Aloin,₹ 779.00,,,Prem enterprises 1st,"No-Contact Delivery, 10 Days Returnable, Amazon Delivered",https://www.amazon.in/Magnetic-Transparent-Tempered-REALME-C2/dp/B07X3C6Y3N/ref=sr_1_132?dchild=1&keywords=redmi+6a+phone&qid=1595700063&sr=8-132
VRS Design Tempered Glass for Samsung Galaxy S9 Plus First Glass 3D Full Screen Coverage Edge to Edge Glass,Brand: VRS DESIGN,"₹ 1,499.00",1.5 out of 5 stars,2,Daily Shoppers,"7 Days Replacement, Warranty Policy",https://www.amazon.in/VRS-Design-Tempered-Samsung-Coverage/dp/B07DVXMVHY/ref=sr_1_133?dchild=1&keywords=redmi+6a+phone&qid=1595700063&sr=8-133
Zarala for MI A3 Anti-Fingerprint Scratch Resistant Matte Hammer Proof Impossible Film Screen Protector [Not a Tempered Glass] Screen Guard for MI A3.,Brand: Generic,₹ 499.00,,,BHARMDEV ROY,"7 Days Replacement, Warranty Policy",https://www.amazon.in/Anti-Fingerprint-Resistant-Impossible-Protector-Tempered/dp/B087G3WZBM/ref=sr_1_134?dchild=1&keywords=redmi+6a+phone&qid=1595700063&sr=8-134
Nillkin Super Frosted Shield Hard Back Cover Case for Samsung Galaxy M30s (RED),Brand: Nillkin,₹ 649.00,4.7 out of 5 stars,29,Shop more,"No-Contact Delivery, 10 days Returnable, Amazon Delivered, 1 Year Warranty",https://www.amazon.in/Nillkin-Frosted-Shield-Samsung-Galaxy/dp/B07ZMKM63Z/ref=sr_1_135?dchild=1&keywords=redmi+6a+phone&qid=1595700063&sr=8-135
Nillkin Case for Xiaomi Redmi Note 7 Pro Qin Genuine Classic Leather Flip Folio PC with Card Slot Black Color,Brand: Nillkin,"₹ 1,299.00",,,Daily Shoppers,"No-Contact Delivery, 7 Days Replacement, Amazon Delivered, 1 Year Warranty",https://www.amazon.in/Nillkin-Xiaomi-Genuine-Classic-Leather/dp/B07NJNKVRB/ref=sr_1_136?dchild=1&keywords=redmi+6a+phone&qid=1595700063&sr=8-136
"(Renewed) Lenovo K8 Plus (Fine Gold, 32GB, 3GB RAM)",Visit the Amazon Renewed Store,,3.4 out of 5 stars,42,,"7 Days Replacement, 6 Month Warranty",https://www.amazon.in/Certified-REFURBISHED-Lenovo-K8-Plus/dp/B079H6VVKS/ref=sr_1_137?dchild=1&keywords=redmi+6a+phone&qid=1595700063&sr=8-137
CAMS Cases 3-in-1 Double Dip Anti Slip Slim Hybrid All Angle Protection Lightweight Matte Hard Back Case Cover for One Plus OnePlus 6 (Black with Red),Brand: CAMS CASES,₹ 399.00,,,BATTH ENTERPRISES,"No-Contact Delivery, 7 Days Replacement, Amazon Delivered, Warranty Policy",https://www.amazon.in/CAMS-Double-Protection-Lightweight-OnePlus/dp/B07PNXDL99/ref=sr_1_138?dchild=1&keywords=redmi+6a+phone&qid=1595700063&sr=8-138
"Lenovo K8 (Fine Gold, 32GB)",Visit the Lenovo Store,"₹ 10,490.00",3.9 out of 5 stars,141,AMAZE TEJAS,"No-Contact Delivery, 7 Days Replacement, Amazon Delivered, 1 Year Warranty",https://www.amazon.in/Lenovo-K8-Fine-Gold-32GB/dp/B075GT7PSF/ref=sr_1_139?dchild=1&keywords=redmi+6a+phone&qid=1595700063&sr=8-139
"Samsung Galaxy Note 10 (Aura Red, 8GB RAM, 256GB Storage) with No Cost EMI/Additional Exchange Offers",Visit the Samsung Store,"₹ 73,600.00",4.4 out of 5 stars,213,Appario Retail Private Ltd,"No-Contact Delivery, 7 Days Replacement, Amazon Delivered, 1 Year Warranty",https://www.amazon.in/Samsung-Galaxy-Storage-Additional-Exchange/dp/B07PQ7DK2N/ref=sr_1_140?dchild=1&keywords=redmi+6a+phone&qid=1595700063&sr=8-140
"Meizu C9 Pro (Gold, 3GB RAM, 32GB Storage)",Brand: Meizu,"₹ 7,499.00",3.9 out of 5 stars,36,Bloop,"No-Contact Delivery, 7 Days Replacement, Amazon Delivered, 1 Year Warranty",https://www.amazon.in/Meizu-Pro-Gold-32GB-Storage/dp/B072DRM5V3/ref=sr_1_141?dchild=1&keywords=redmi+6a+phone&qid=1595700063&sr=8-141
Karbonn K451 Power (Champagne-Black),Brand: Karbon,"₹ 1,408.00",3.0 out of 5 stars,4,Diu Mobile,"No-Contact Delivery, 7 Days Replacement, Amazon Delivered, 12 Month Warranty",https://www.amazon.in/Karbon-Karbonn-K451-Power-Champagne-Black/dp/B07D73SXGW/ref=sr_1_142?dchild=1&keywords=redmi+6a+phone&qid=1595700063&sr=8-142
"Realme 6 Pro (Lightening Blue, 128GB) (6 GB RAM)",Brand: realme,,4.5 out of 5 stars,3,,"7 Days Replacement, 1 Year Warranty",https://www.amazon.in/Realme-Pro-Lightening-Blue-128GB/dp/B081THL4QN/ref=sr_1_143?dchild=1&keywords=redmi+6a+phone&qid=1595700063&sr=8-143
Gionee P5W (White),Brand: Gionee,,3.3 out of 5 stars,31,,"7 Days Replacement, 1 Year Warranty",https://www.amazon.in/Gionee-P5W-White/dp/B01B2NQDK4/ref=sr_1_144?dchild=1&keywords=redmi+6a+phone&qid=1595700063&sr=8-144
"Generic Xiaomi Poco F1 Case, Ultra Thin Transparent Exclusive Soft Back Cover for Xiaomi Poco F1",Brand: Generic,,,,,"10 Days Returnable, 5 Year Warranty",https://www.amazon.in/Generic-Xiaomi-F1-Transparent-Exclusive/dp/B0895SZCH7/ref=sr_1_145?dchild=1&keywords=redmi+6a+phone&qid=1595700065&sr=8-145
"OUKITEL K12 6G RAM 64G ROM Android 9.0 Mobile Phone 6.3"" 19.5:9 MTK6765 10000mAh 5V/6A Quick Charge Fingerprint Smartphone",Brand: Oukitel,,4.1 out of 5 stars,24,,"7 Days Replacement, 12 Month Warranty",https://www.amazon.in/OUKITEL-Android-Mobile-Phone-19-5/dp/B07T83BWD6/ref=sr_1_146?dchild=1&keywords=redmi+6a+phone&qid=1595700065&sr=8-146
"Nillkin Case for Xiaomi Redmi Note 8 (6.3"" Inch) Sparkle Leather Flip Folio Book Type PC Blue Color",Brand: Nillkin,"₹ 1,499.00",,,Daily Shoppers,"7 Days Replacement, 1 Year Warranty",https://www.amazon.in/Nillkin-Xiaomi-Redmi-Sparkle-Leather/dp/B0817P5CLY/ref=sr_1_147?dchild=1&keywords=redmi+6a+phone&qid=1595700065&sr=8-147
Honor Holly 4 (Gold),Visit the Honor Store,,3.7 out of 5 stars,32,,7 Days Replacement,https://www.amazon.in/Honor-Holly-4-Gold/dp/B076HPJZSG/ref=sr_1_148?dchild=1&keywords=redmi+6a+phone&qid=1595700065&sr=8-148
"(Renewed) Mi 4 (White, 64GB)",Brand: Amazon Renewed,"₹ 17,090.50",2.2 out of 5 stars,4,e-Bazar,"No-Contact Delivery, 7 Days Replacement, Amazon Delivered, 6 Month Warranty",https://www.amazon.in/%E0%A4%AA%E0%A5%8D%E0%A4%B0%E0%A4%AE%E0%A4%BE%E0%A4%A3%E0%A4%BF%E0%A4%A4-%E0%A4%A8%E0%A4%B5%E0%A5%80%E0%A4%A8%E0%A5%80%E0%A4%95%E0%A5%83%E0%A4%A4-Mi-%E0%A4%B8%E0%A4%AB%E0%A5%87%E0%A4%A6-64GB/dp/B076KSYNTH/ref=sr_1_149?dchild=1&keywords=redmi+6a+phone&qid=1595700065&sr=8-149
"Generic Samsung Galaxy A50, Prime Retail Exclusive - Transparent Back Cover Clear Thin Case - for Samsung Galaxy A50",Brand: Generic,,,,,"10 Days Returnable, 5 Year Warranty",https://www.amazon.in/Generic-Samsung-Galaxy-A50-Exclusive/dp/B0895RZQ5P/ref=sr_1_150?dchild=1&keywords=redmi+6a+phone&qid=1595700065&sr=8-150
"Honor Holly 3 (Black, 16GB)",Visit the Honor Store,,3.9 out of 5 stars,262,,"7 Days Replacement, 1 Year Warranty",https://www.amazon.in/Honor-Holly-3-Black-16GB/dp/B01M2YQ5TM/ref=sr_1_151?dchild=1&keywords=redmi+6a+phone&qid=1595700065&sr=8-151
"Mi A2 (Blue, 4GB RAM, 64GB Storage)",Brand: Mi,,3.8 out of 5 stars,"30,983",,"7 Days Replacement, 1 Year Warranty",https://www.amazon.in/Mi-A2-Blue-64GB-Storage/dp/B07DJCJ9VN/ref=sr_1_152?dchild=1&keywords=redmi+6a+phone&qid=1595700065&sr=8-152
"Nillkin Case for Xiaomi Redmi Note 8 Pro (6.53"" Inch) Super Frosted Hard Back Cover PC Peacock Blue Color",Brand: Nillkin,"₹ 1,299.00",,,Daily Shoppers,"7 Days Replacement, 1 Year Warranty",https://www.amazon.in/Nillkin-Xiaomi-Redmi-%E0%A4%AB%E0%A5%8D%E0%A4%B0%E0%A5%89%E0%A4%B8%E0%A5%8D%E0%A4%9F%E0%A5%87%E0%A4%A1-%E0%A4%B9%E0%A4%BE%E0%A4%B0%E0%A5%8D%E0%A4%A1/dp/B0817NKHC2/ref=sr_1_153?dchild=1&keywords=redmi+6a+phone&qid=1595700065&sr=8-153
Nillkin Screen Guard for Oppo Real Me Realme 3 Pro Whole Set Version Super Clear Front + Camera Sticker,Brand: Nillkin,₹ 399.00,,,Daily Shoppers,"No-Contact Delivery, Non-Returnable, Amazon Delivered, 1 Year Warranty",https://www.amazon.in/Nillkin-Screen-Realme-Version-Sticker/dp/B07TSH9KPT/ref=sr_1_154?dchild=1&keywords=redmi+6a+phone&qid=1595700065&sr=8-154
"Realme X2 Pro (Neptune Blue, 64 GB) (6 GB RAM)",Brand: realme,"₹ 29,000.00",5.0 out of 5 stars,1,AmazCart,"No-Contact Delivery, 7 Days Replacement, Amazon Delivered",https://www.amazon.in/Realme-Pro-Neptune-Blue-RAM/dp/B087TGZSJY/ref=sr_1_155?dchild=1&keywords=redmi+6a+phone&qid=1595700065&sr=8-155
"Samsung Galaxy A6 Plus (Blue, 4GB RAM, 64GB Storage) with No Cost EMI/Additional Exchange Offers",Visit the Samsung Store,"₹ 20,490.00",4.1 out of 5 stars,"1,291",TODAY'S DEAL,"No-Contact Delivery, 7 Days Replacement, Amazon Delivered, 1 Year Warranty",https://www.amazon.in/Samsung-Galaxy-A6-Plus-Storage/dp/B07D3HRF4K/ref=sr_1_156?dchild=1&keywords=redmi+6a+phone&qid=1595700065&sr=8-156
"Poco F1 by Xiaomi (Steel Blue, 6GB RAM, 64GB Storage)",Brand: Poco by Xiaomi,,4.0 out of 5 stars,173,,"7 Days Replacement, 1 Year Warranty",https://www.amazon.in/Mi-Poco-64GB-Steel-Blue/dp/B07H4X4F5Y/ref=sr_1_157?dchild=1&keywords=redmi+6a+phone&qid=1595700065&sr=8-157
Nokia 5.1 Plus DS 6GB 64GB (Black),Brand: Nokia,"₹ 16,990.00",2.9 out of 5 stars,9,Hi-Fi Mobiles,"No-Contact Delivery, 7 Days Replacement, Amazon Delivered, 1 Year Warranty",https://www.amazon.in/Nokia-5-1-Plus-64GB-Black/dp/B07PM2LXBL/ref=sr_1_158?dchild=1&keywords=redmi+6a+phone&qid=1595700065&sr=8-158
Gionee P5W (Gold),Brand: Gionee,,2.9 out of 5 stars,56,,"7 Days Replacement, 1 Year Warranty",https://www.amazon.in/Gionee-P5W-Gold/dp/B01FD8Q3OK/ref=sr_1_159?dchild=1&keywords=redmi+6a+phone&qid=1595700065&sr=8-159
Realme X2 Pro 6GB 64GB (Blue),Brand: realme,,,,,"7 Days Replacement, Warranty Policy",https://www.amazon.in/Realme-Pro-6GB-64GB-Blue/dp/B083TC5VLS/ref=sr_1_160?dchild=1&keywords=redmi+6a+phone&qid=1595700065&sr=8-160
Zen Admire Metal Dual SIM 5 Inch Marshmallow 1GB & 16GB & Dual Whatsapp 4G Smartphone (Champagne Gold),Brand: Zen,,5.0 out of 5 stars,1,,7 Days Replacement,https://www.amazon.in/Zen-Marshmallow-WhatsApp-Smartphone-Champagne/dp/B071YLJ33Z/ref=sr_1_161?dchild=1&keywords=redmi+6a+phone&qid=1595700068&sr=8-161
Lava A59 (White),Brand: Lava,,3.5 out of 5 stars,18,,"7 Days Replacement, 1 Year Warranty",https://www.amazon.in/Lava-A59-White/dp/B01GUT92JO/ref=sr_1_162?dchild=1&keywords=redmi+6a+phone&qid=1595700068&sr=8-162
Lephone W2 Dual Sim(4G+4G) VoLTE - White Gold,Brand: Lephone,,,,,"7 Days Replacement, Warranty Policy",https://www.amazon.in/Lephone-W2-Dual-4G-VoLTE/dp/B073WFPRN3/ref=sr_1_163?dchild=1&keywords=redmi+6a+phone&qid=1595700068&sr=8-163
Nillkin Case for Xiaomi Redmi Note 7 Pro Sparkle Leather Flip Folio Book Type PC Red Color,Brand: Nillkin,"₹ 1,099.00",,,Daily Shoppers,"7 Days Replacement, 1 Year Warranty",https://www.amazon.in/Nillkin-Xiaomi-Redmi-%E0%A4%B8%E0%A5%8D%E0%A4%AA%E0%A4%BE%E0%A4%B0%E0%A5%8D%E0%A4%95%E0%A4%B2-%E0%A4%AB%E0%A5%8B%E0%A4%B2%E0%A4%BF%E0%A4%AF%E0%A5%8B/dp/B07S9JT82H/ref=sr_1_164?dchild=1&keywords=redmi+6a+phone&qid=1595700068&sr=8-164
"Oppo A9 (Glaring Gold, 4GB RAM, 128GB Storage)",Brand: Generic,,3.0 out of 5 stars,2,,"7 Days Replacement, 1 Year Warranty",https://www.amazon.in/Oppo-Glaring-Gold-128GB-Storage/dp/B07VN65DMG/ref=sr_1_165?dchild=1&keywords=redmi+6a+phone&qid=1595700068&sr=8-165
Nillkin Case for Xiaomi Mi A2 A 2 / Mi 6X 6 X Super Frosted Hard Back Cover Hard PC Black Color,Brand: Nillkin,"₹ 1,299.00",,,Daily Shoppers,"7 Days Replacement, 1 Year Warranty",https://www.amazon.in/Nillkin-Xiaomi-Super-Frosted-Cover/dp/B07KZZG1PN/ref=sr_1_166?dchild=1&keywords=redmi+6a+phone&qid=1595700068&sr=8-166
Lenovo A6600 Plus (Black),Visit the Lenovo Store,,3.6 out of 5 stars,660,,"7 Days Replacement, 1 Year Warranty",https://www.amazon.in/Lenovo-A6600-Plus-Black/dp/B01M0OXV1V/ref=sr_1_167?dchild=1&keywords=redmi+6a+phone&qid=1595700068&sr=8-167
Lava Z70 (Black),Brand: Lava,,3.1 out of 5 stars,41,,"7 Days Replacement, 2 Year Warranty",https://www.amazon.in/Lava-Z70-Black/dp/B076MYDW8H/ref=sr_1_168?dchild=1&keywords=redmi+6a+phone&qid=1595700068&sr=8-168
Vivo Y21 (White),Brand: Vivo,,3.6 out of 5 stars,51,,"7 Days Replacement, 1 Year Warranty",https://www.amazon.in/Vivo-Y21-White/dp/B01G3J6NSO/ref=sr_1_169?dchild=1&keywords=redmi+6a+phone&qid=1595700068&sr=8-169
Panasonic Eluga ARC - Gold,Visit the Panasonic Store,"₹ 8,999.00",3.6 out of 5 stars,36,yash2225,"No-Contact Delivery, 7 Days Replacement, Amazon Delivered, 1 Year Warranty",https://www.amazon.in/Panasonic-EB-90S47AR0-Eluga-ARC-Gold/dp/B01E94ZEGC/ref=sr_1_170?dchild=1&keywords=redmi+6a+phone&qid=1595700068&sr=8-170
"Honor Bee2 (Gold, 8GB)",Visit the Honor Store,,2.9 out of 5 stars,10,,"7 Days Replacement, 1 Year Warranty",https://www.amazon.in/HONOR-Honor-Bee2_W_16_RAJ-Bee2-Gold/dp/B01MV5JWJ5/ref=sr_1_171?dchild=1&keywords=redmi+6a+phone&qid=1595700068&sr=8-171
Reinvent IMI 3G Smart Mobile Phone (Gold),Brand: Reinvent,"₹ 2,200.00",5.0 out of 5 stars,1,Shivansh mobile,"No-Contact Delivery, 7 Days Replacement, Amazon Delivered, 3 Month Warranty",https://www.amazon.in/Reinvent-Smart-Mobile-Phone-Gold/dp/B07KNPLNMM/ref=sr_1_172?dchild=1&keywords=redmi+6a+phone&qid=1595700068&sr=8-172
Gionee Pioneer P5L (White),Brand: Gionee,,2.8 out of 5 stars,13,,"7 Days Replacement, 1 Year Warranty",https://www.amazon.in/Gionee-P5L-Pioneer-White/dp/B01DZUUDTY/ref=sr_1_173?dchild=1&keywords=redmi+6a+phone&qid=1595700068&sr=8-173
Generic Transparent Back Cover for Samsung Galaxy A7 (2018 Edition),Brand: Generic,,,,,"10 Days Returnable, 5 Year Warranty",https://www.amazon.in/Generic-Transparent-Cover-Samsung-Galaxy/dp/B0895TGP3V/ref=sr_1_174?dchild=1&keywords=redmi+6a+phone&qid=1595700068&sr=8-174
mPhone 7s Gold,Brand: mPhone,,3.6 out of 5 stars,9,,"7 Days Replacement, 1 Year Warranty",https://www.amazon.in/mPhone-7s-Gold/dp/B074SHJLLC/ref=sr_1_175?dchild=1&keywords=redmi+6a+phone&qid=1595700068&sr=8-175
Gionee P5 Mini (Gold),Brand: Gionee,,3.8 out of 5 stars,48,,"7 Days Replacement, 1 Year Warranty",https://www.amazon.in/Gionee-P5-Mini-Gold/dp/B01EA4PJTI/ref=sr_1_176?dchild=1&keywords=redmi+6a+phone&qid=1595700068&sr=8-176
"Gionee P7 (White, 16 GB)-",Brand: Gionee,,2.0 out of 5 stars,9,,7 Days Replacement,https://www.amazon.in/Gionee-P7-White-16-GB/dp/B01NBXRSVY/ref=sr_1_177?dchild=1&keywords=redmi+6a+phone&qid=1595700070&sr=8-177
"itel itL6005 Vision1 (Gradation Blue, 2GB RAM, 32GB Storage)",Brand: itel,,5.0 out of 5 stars,2,,"7 Days Replacement, 1 Year Warranty",https://www.amazon.in/itel-itL6005-Vision1-Gradation-Storage/dp/B0859S7DZX/ref=sr_1_178?dchild=1&keywords=redmi+6a+phone&qid=1595700070&sr=8-178
Douzo Knight D51 (8GB ROM) (1GB RAM) (Gold),Brand: Douzo,"₹ 4,900.00",3.9 out of 5 stars,3,Shivansh mobile,"No-Contact Delivery, 7 Days Replacement, Amazon Delivered, 1 Year Warranty",https://www.amazon.in/Douzo-Knight-D51-8GB-Gold/dp/B082B52NLK/ref=sr_1_179?dchild=1&keywords=redmi+6a+phone&qid=1595700070&sr=8-179
Vivo Y15 4 GB ROM (White),Brand: Vivo,,3.0 out of 5 stars,3,,"7 Days Replacement, Warranty Policy",https://www.amazon.in/Vivo-Y15-GB-ROM-White/dp/B00RJU8TIY/ref=sr_1_180?dchild=1&keywords=redmi+6a+phone&qid=1595700070&sr=8-180
"Nillkin Case for Apple iPhone X (5.8"" Inch) Air Case PC Material Matte Finish Ventilated Scratch Resist with Logo Cut Red Color",Brand: Nillkin,"₹ 1,799.00",,,Daily Shoppers,"10 days Returnable, 1 Year Warranty",https://www.amazon.in/Nillkin-iPhone-Material-Ventilated-Scratch/dp/B07M7885MV/ref=sr_1_181?dchild=1&keywords=redmi+6a+phone&qid=1595700070&sr=8-181
Gionee P5 Mini (Blue),Brand: Gionee,,3.3 out of 5 stars,13,,"7 Days Replacement, 1 Year Warranty",https://www.amazon.in/Gionee-P5-Mini-Blue/dp/B01EA4PJSE/ref=sr_1_182?dchild=1&keywords=redmi+6a+phone&qid=1595700070&sr=8-182
"Micromax Canvas 4 Plus A315 (White-Gold, 16GB)-3G",Visit the Micromax Store,,3.1 out of 5 stars,218,,"7 Days Replacement, 1 Year Warranty",https://www.amazon.in/Micromax-Canvas-Plus-A315-White-Gold/dp/B00NZ36HEC/ref=sr_1_183?dchild=1&keywords=redmi+6a+phone&qid=1595700070&sr=8-183
Lenovo K6 Note (Dark Grey),Visit the Lenovo Store,,3.8 out of 5 stars,189,,"7 Days Replacement, 1 Year Warranty",https://www.amazon.in/Lenovo-K6-Note-Dark-Grey/dp/B01N9I55M9/ref=sr_1_184?dchild=1&keywords=redmi+6a+phone&qid=1595700070&sr=8-184
Gionee Pioneer P5L (Yellow),Brand: Gionee,,,,,"7 Days Replacement, 1 Year Warranty",https://www.amazon.in/Gionee-P5L-Pioneer-Yellow/dp/B01DZUUF42/ref=sr_1_185?dchild=1&keywords=redmi+6a+phone&qid=1595700070&sr=8-185
Xolo A500 Club (Blue),Brand: XOLO,,3.2 out of 5 stars,17,,"7 Days Replacement, 1 Year Warranty",https://www.amazon.in/XOLO-A500-Club-Xolo-Blue/dp/B00L2AV9VQ/ref=sr_1_186?dchild=1&keywords=redmi+6a+phone&qid=1595700070&sr=8-186
"Lava Iris X8 (Black, 2GB RAM, 16GB)",Brand: Lava,,3.7 out of 5 stars,405,,"7 Days Replacement, 1 Year Warranty",https://www.amazon.in/Lava-Iris-X8-Black-16GB/dp/B00VRLEDDQ/ref=sr_1_187?dchild=1&keywords=redmi+6a+phone&qid=1595700070&sr=8-187
Generic Rubber All Sides Protection Back Cover for Samsung A10 (Transparent) Shockproof,Brand: Generic,₹ 194.00,,,GADGETS.,"No-Contact Delivery, 10 Days Returnable, Amazon Delivered, 5 Year Warranty",https://www.amazon.in/Generic-Protection-Samsung-Transparent-Shockproof/dp/B0895RZN6T/ref=sr_1_188?dchild=1&keywords=redmi+6a+phone&qid=1595700070&sr=8-188
"Honor Bee 4G (White, 8GB)",Visit the Honor Store,,,,,7 Days Replacement,https://www.amazon.in/Honor-Bee-4G-White-8GB/dp/B073LBYQ47/ref=sr_1_189?dchild=1&keywords=redmi+6a+phone&qid=1595700070&sr=8-189
Nillkin Case for Xiaomi Mi A3 A 3 Qin Genuine Classic Leather Flip Folio + Card Slot Red Color,Brand: Nillkin,"₹ 1,499.00",,,Daily Shoppers,"7 Days Replacement, 1 Year Warranty",https://www.amazon.in/Nillkin-Xiaomi-Genuine-Classic-Leather/dp/B0817NWRRP/ref=sr_1_190?dchild=1&keywords=redmi+6a+phone&qid=1595700070&sr=8-190
Gionee P5W (Blue),Brand: Gionee,,3.3 out of 5 stars,208,,"7 Days Replacement, 1 Year Warranty",https://www.amazon.in/Gionee-P5W-Blue/dp/B01B4VQJ62/ref=sr_1_191?dchild=1&keywords=redmi+6a+phone&qid=1595700070&sr=8-191
"(Renewed) Xiaomi Mi A3 (Not Just Blue, 4GB RAM, 64GB Storage)",Brand: Amazon Renewed,"₹ 14,999.00",5.0 out of 5 stars,1,YNEW,"No-Contact Delivery, 7 Days Replacement, Amazon Delivered, 6 Month Warranty",https://www.amazon.in/Renewed-Xiaomi-Mi-Just-Storage/dp/B081C24NYL/ref=sr_1_192?dchild=1&keywords=redmi+6a+phone&qid=1595700070&sr=8-192
"Do Mobile Mate-1 Dual Sim, Volte, Android, 4G Smartphone - (Gold)",Brand: Do Mobile,,2.3 out of 5 stars,6,,"7 Days Replacement, 1 Year Warranty",https://www.amazon.in/Do-Mobile-Mate-1-Android-Smartphone/dp/B07G8BCR6L/ref=sr_1_193?dchild=1&keywords=redmi+6a+phone&qid=1595700073&sr=8-193
Honor Bee 4G (White),Visit the Honor Store,,3.4 out of 5 stars,36,,"7 Days Replacement, 1 Year Warranty",https://www.amazon.in/HONOR-CUN-L22-Honor-Bee-White/dp/B01N5ODKWW/ref=sr_1_194?dchild=1&keywords=redmi+6a+phone&qid=1595700073&sr=8-194
"Nillkin Case for Xiaomi Redmi Note 9 Pro/Note 9 Pro Max/Poco M2 Pro (6.67"" Inch) CamShield Camera Close & Open Case Protect Black Color PC Finish",Brand: Nillkin,₹ 990.00,,,iAccessorize India,"No-Contact Delivery, 7 Days Replacement, Amazon Delivered, 1 Year Warranty",https://www.amazon.in/Nillkin-Xiaomi-CamShield-Camera-Protect/dp/B08C7TBR91/ref=sr_1_195?dchild=1&keywords=redmi+6a+phone&qid=1595700073&sr=8-195
"Nillkin Case for Xiaomi Redmi Note 8 (6.3"" Inch) Qin Genuine Classic Leather Flip Folio + Card Slot Brown Color",Brand: Nillkin,"₹ 1,499.00",,,Daily Shoppers,"7 Days Replacement, 1 Year Warranty",https://www.amazon.in/Nillkin-Xiaomi-Genuine-Classic-Leather/dp/B0817PBWHG/ref=sr_1_196?dchild=1&keywords=redmi+6a+phone&qid=1595700073&sr=8-196
"Gionee A1 (Black, 64GB)",Brand: Gionee,,3.5 out of 5 stars,744,,"7 Days Replacement, 2 Year Warranty",https://www.amazon.in/Gionee-A1-Black-64GB/dp/B06XRMB66J/ref=sr_1_197?dchild=1&keywords=redmi+6a+phone&qid=1595700073&sr=8-197
"Lava Z90 (Gold, 32GB)",Brand: Lava,,3.7 out of 5 stars,86,,"7 Days Replacement, 2 Year Warranty",https://www.amazon.in/Lava-Z90-Gold-32GB/dp/B075ZRPTLY/ref=sr_1_198?dchild=1&keywords=redmi+6a+phone&qid=1595700073&sr=8-198
"Nillkin Case for Oppo Realme Real Me 6 (6.5"" Inch) Super Frosted Hard Back Cover PC Black Color",Brand: Nillkin,"₹ 1,199.00",,,Daily Shoppers,"7 Days Replacement, 1 Year Warranty",https://www.amazon.in/Nillkin-Realme-Super-Frosted-Cover/dp/B08BZPYDTM/ref=sr_1_199?dchild=1&keywords=redmi+6a+phone&qid=1595700073&sr=8-199
Lava V2 3GB (Gold),Brand: Lava,,3.2 out of 5 stars,77,,"7 Days Replacement, 1 Year Warranty",https://www.amazon.in/Lava-V2-3GB-Gold/dp/B01DW8JCUK/ref=sr_1_200?dchild=1&keywords=redmi+6a+phone&qid=1595700073&sr=8-200
"Honor Bee 4G (Gold, 8GB)",Visit the Honor Store,,3.8 out of 5 stars,674,,"7 Days Replacement, 1 Year Warranty",https://www.amazon.in/Honor-Bee-4G-Gold-8GB/dp/B075S6N2FZ/ref=sr_1_201?dchild=1&keywords=redmi+6a+phone&qid=1595700073&sr=8-201
OtterBox Symmetry Clear Series 77-54566 Smartphone Case for Samsung Galaxy S8 (Clear),Visit the OtterBox Store,,4.1 out of 5 stars,192,,"10 days Returnable, 1 Year Warranty",https://www.amazon.in/OtterBox-Symmetry-77-54566-Smartphone-Samsung/dp/B06XDX83GR/ref=sr_1_202?dchild=1&keywords=redmi+6a+phone&qid=1595700073&sr=8-202
Lenovo A6600 (Black),Visit the Lenovo Store,,3.0 out of 5 stars,103,,"7 Days Replacement, 1 Year Warranty",https://www.amazon.in/Lenovo-A6600-Black/dp/B01LZBXW34/ref=sr_1_203?dchild=1&keywords=redmi+6a+phone&qid=1595700073&sr=8-203
"Nillkin Case for Nokia 7.2/6.2 (6.3"" Inch) Super Frosted Hard Back Cover PC White Color",Brand: Nillkin,"₹ 1,299.00",,,Daily Shoppers,"7 Days Replacement, 1 Year Warranty",https://www.amazon.in/Nillkin-Nokia-Super-Frosted-Cover/dp/B0848J8L1S/ref=sr_1_204?dchild=1&keywords=redmi+6a+phone&qid=1595700073&sr=8-204
Panasonic T50 (Midnight Blue),Visit the Panasonic Store,,2.5 out of 5 stars,70,,"7 Days Replacement, 1 Year Warranty",https://www.amazon.in/Panasonic-T50-Midnight-Blue/dp/B01HB7QFU8/ref=sr_1_205?dchild=1&keywords=redmi+6a+phone&qid=1595700073&sr=8-205
"GIONEE S10 LITE (BLACK 4GB,32GB)",Brand: Gionee,"₹ 10,999.00",3.2 out of 5 stars,52,Technogazet,"No-Contact Delivery, 7 Days Replacement, Amazon Delivered, 1 Year Warranty",https://www.amazon.in/Gionee-Lite-Mobile-Phone-BLACK/dp/B079M24SX3/ref=sr_1_206?dchild=1&keywords=redmi+6a+phone&qid=1595700073&sr=8-206
"Honor 9 Lite (Sapphire Blue, 4GB RAM, 64GB Storage)",Visit the Honor Store,,3.9 out of 5 stars,261,,"7 Days Replacement, 1 Year Warranty",https://www.amazon.in/Honor-lite-%E0%A4%B8%E0%A4%AB%E0%A4%BE%E0%A4%AF%E0%A4%B0-%E0%A4%AC%E0%A5%8D%E0%A4%B2%E0%A5%82-%E0%A4%A8%E0%A5%80%E0%A4%B2%E0%A4%BE/dp/B07FLP9Q11/ref=sr_1_207?dchild=1&keywords=redmi+6a+phone&qid=1595700073&sr=8-207
LYF C 459 Blue Mobile Phone,Brand: LYF,,3.2 out of 5 stars,18,,"10 Days Returnable, 1 Year Warranty",https://www.amazon.in/LYF-459-Blue-Mobile-Phone/dp/B0777GJ99W/ref=sr_1_208?dchild=1&keywords=redmi+6a+phone&qid=1595700073&sr=8-208
"Honor 5X (Gold, 16GB)",Visit the Honor Store,,3.5 out of 5 stars,20,,7 Days Replacement,https://www.amazon.in/HONOR-5X_14_PUN_GD-Honor-Gold-16GB/dp/B01N6ZZ9MP/ref=sr_1_209?dchild=1&keywords=redmi+6a+phone&qid=1595700075&sr=8-209
Gionee F103 Pro (Grey),Brand: Gionee,"₹ 9,699.00",3.4 out of 5 stars,88,online mkt,"No-Contact Delivery, 7 Days Replacement, Amazon Delivered, 1 Year Warranty",https://www.amazon.in/Gionee-F103-Pro-Grey/dp/B01JAFFOGU/ref=sr_1_210?dchild=1&keywords=redmi+6a+phone&qid=1595700075&sr=8-210
Lenovo A680 (Black),Visit the Lenovo Store,,3.7 out of 5 stars,329,,"7 Days Replacement, 1 Year Warranty",https://www.amazon.in/Lenovo-A680-Black/dp/B00IXCYWJW/ref=sr_1_211?dchild=1&keywords=redmi+6a+phone&qid=1595700075&sr=8-211
"Yu Yunicorn (Silver Rush, 32 GB)",Brand: YU,,3.4 out of 5 stars,116,,"7 Days Replacement, Warranty Policy",https://www.amazon.in/Yu-Yunicorn-Silver-Rush-32/dp/B01J9PJVBU/ref=sr_1_212?dchild=1&keywords=redmi+6a+phone&qid=1595700075&sr=8-212
"Lava A97 (Black-Gold, Volte)",Brand: Lava,,3.0 out of 5 stars,74,,"7 Days Replacement, 2 Year Warranty",https://www.amazon.in/Lava-A97-Black-Gold-Volte/dp/B01LXOMBDG/ref=sr_1_213?dchild=1&keywords=redmi+6a+phone&qid=1595700075&sr=8-213
Lenovo A2010 (Grey),Visit the Lenovo Store,,3.7 out of 5 stars,113,,"7 Days Replacement, 1 Year Warranty",https://www.amazon.in/Lenovo-A2010-Grey/dp/B01J6BEF5Y/ref=sr_1_214?dchild=1&keywords=redmi+6a+phone&qid=1595700075&sr=8-214
Lenovo K3 Note Music (Onyx Black),Visit the Lenovo Store,,3.2 out of 5 stars,41,,"7 Days Replacement, 1 Year Warranty",https://www.amazon.in/Lenovo-K3-Note-Music-Black/dp/B015A2EQHU/ref=sr_1_215?dchild=1&keywords=redmi+6a+phone&qid=1595700075&sr=8-215
Lava X10 (White),Brand: Lava,,3.4 out of 5 stars,73,,"7 Days Replacement, 1 Year Warranty",https://www.amazon.in/Lava-X10-White/dp/B018S2UP3S/ref=sr_1_216?dchild=1&keywords=redmi+6a+phone&qid=1595700075&sr=8-216
Gionee F103 (White),Brand: Gionee,,2.7 out of 5 stars,35,,7 Days Replacement,https://www.amazon.in/Gionee-F103-White/dp/B015STBZ7E/ref=sr_1_217?dchild=1&keywords=redmi+6a+phone&qid=1595700075&sr=8-217
Itel it5613 Mobile Phone(Champagne Gold),Brand: itel,,3.0 out of 5 stars,5,,"7 Days Replacement, Warranty Policy",https://www.amazon.in/Itel-it5613-Mobile-Phone-Champagne/dp/B072K5ZJ1V/ref=sr_1_218?dchild=1&keywords=redmi+6a+phone&qid=1595700075&sr=8-218
"Lava Iris X8 (White, 2GB RAM, 16GB)",Brand: Lava,,3.7 out of 5 stars,405,,"7 Days Replacement, 1 Year Warranty",https://www.amazon.in/Lava-Iris-X8-White-16GB/dp/B00VRLES68/ref=sr_1_219?dchild=1&keywords=redmi+6a+phone&qid=1595700075&sr=8-219
"YUHO Y1 Mobile - Sky Grey Android 6.0, Android Smart Phone Metallic Design",Brand: YUHO,,1.0 out of 5 stars,1,,"7 Days Replacement, Warranty Policy",https://www.amazon.in/YUHO-Y1-MOBILE-SKY-GREY/dp/B074RHD81P/ref=sr_1_220?dchild=1&keywords=redmi+6a+phone&qid=1595700075&sr=8-220
Otterbox Symmetry Clear Series Case With Drop/Shock Protection For iPhone X - Grey,Visit the OtterBox Store,"₹ 2,999.00",4.4 out of 5 stars,812,Daily Shoppers,"No-Contact Delivery, 10 Days Returnable, Amazon Delivered, Warranty Policy",https://www.amazon.in/OtterBox-Symmetry-Protection-Stardust-77-57120/dp/B00Z7ST060/ref=sr_1_221?dchild=1&keywords=redmi+6a+phone&qid=1595700075&sr=8-221
"Panasonic P65 Flash (1GB RAM, 8GB ROM, Silver)",Visit the Panasonic Store,,3.2 out of 5 stars,8,,7 Days Replacement,https://www.amazon.in/Panasonic-P65-Flash-1GB-Silver/dp/B0176PITU4/ref=sr_1_222?dchild=1&keywords=redmi+6a+phone&qid=1595700075&sr=8-222
"Kult Ambition (Black, 32GB)",Brand: Kult,,2.6 out of 5 stars,119,,"7 Days Replacement, 1 Year Warranty",https://www.amazon.in/Kult-Ambition-Black-32GB/dp/B077Y84S9G/ref=sr_1_223?dchild=1&keywords=redmi+6a+phone&qid=1595700075&sr=8-223
Gionee S6 Pro (Rose Gold),Brand: Gionee,,3.1 out of 5 stars,90,,"7 Days Replacement, 1 Year Warranty",https://www.amazon.in/Gionee-S6-Pro-Rose-Gold/dp/B01LY1DP13/ref=sr_1_224?dchild=1&keywords=redmi+6a+phone&qid=1595700075&sr=8-224
Gionee s6 Smartphone (Gold),Brand: Gionee,"₹ 15,999.00",3.2 out of 5 stars,71,jain_electronics,"No-Contact Delivery, 7 Days Replacement, Amazon Delivered, 1 Year Warranty",https://www.amazon.in/Gionee-S6-s6-Smartphone-Gold/dp/B01BGUVTSE/ref=sr_1_225?dchild=1&keywords=redmi+6a+phone&qid=1595700078&sr=8-225
Panasonic Eluga Arc 2 (Rose Gold),Visit the Panasonic Store,,3.0 out of 5 stars,132,,"7 Days Replacement, 1 Year Warranty",https://www.amazon.in/Panasonic-Eluga-Arc-Rose-Gold/dp/B06WRNYGKB/ref=sr_1_226?dchild=1&keywords=redmi+6a+phone&qid=1595700078&sr=8-226
