,job_title,location,employment_type,url
0,Avionics Harness Design Engineer (Starship),"Brownsville, TX, United States",Full-Time,https://boards.greenhouse.io/spacex/jobs/4714563002?gh_jid=4714563002
1,Avionics Integration Engineer (Falcon),"Hawthorne, CA, United States",Full-Time,https://boards.greenhouse.io/spacex/jobs/4638004002?gh_jid=4638004002
2,Communication Systems Engineer,"Hawthorne, CA, United States",Full-Time,https://boards.greenhouse.io/spacex/jobs/4778738002?gh_jid=4778738002
3,EEE Interconnect Component Engineer,"Hawthorne, CA, United States",Full-Time,https://boards.greenhouse.io/spacex/jobs/4679819002?gh_jid=4679819002
4,"EEE Parts Reliability Engineer, Senior","Hawthorne, CA, United States",Full-Time,https://boards.greenhouse.io/spacex/jobs/4686442002?gh_jid=4686442002
5,Electrical Design Engineer,"Hawthorne, CA, United States",Full-Time,https://boards.greenhouse.io/spacex/jobs/4752504002?gh_jid=4752504002
6,Electrical Design Engineer (Satellites),"Hawthorne, CA, United States",Full-Time,https://boards.greenhouse.io/spacex/jobs/4756681002?gh_jid=4756681002
7,"Electrical Design Engineer, Senior","Hawthorne, CA, United States",Full-Time,https://boards.greenhouse.io/spacex/jobs/4763242002?gh_jid=4763242002
8,"Electrical Design Engineer, Senior (Satellites)","Hawthorne, CA, United States",Full-Time,https://boards.greenhouse.io/spacex/jobs/4679862002?gh_jid=4679862002
9,Electrical Engineer,"Hawthorne, CA, United States",Full-Time,https://boards.greenhouse.io/spacex/jobs/4734797002?gh_jid=4734797002
10,Electrical Integration & Test Engineer (Satellites),"Hawthorne, CA, United States",Full-Time,https://boards.greenhouse.io/spacex/jobs/4776412002?gh_jid=4776412002
11,"Electrical Integration & Test Engineer (Satellites), Senior","Hawthorne, CA, United States",Full-Time,https://boards.greenhouse.io/spacex/jobs/4724088002?gh_jid=4724088002
12,Electrical Test Engineer,"Hawthorne, CA, United States",Full-Time,https://boards.greenhouse.io/spacex/jobs/4734794002?gh_jid=4734794002
13,Electromagnetic Environmental Effects Engineer,"Hawthorne, CA, United States",Full-Time,https://boards.greenhouse.io/spacex/jobs/4697279002?gh_jid=4697279002
14,"Manager, Electrical Design","Hawthorne, CA, United States",Full-Time,https://boards.greenhouse.io/spacex/jobs/4756679002?gh_jid=4756679002
15,PCB CAD Librarian,"Hawthorne, CA, United States",Full-Time,https://boards.greenhouse.io/spacex/jobs/4768303002?gh_jid=4768303002
16,PCB Designer,"Hawthorne, CA, United States",Full-Time,https://boards.greenhouse.io/spacex/jobs/4786593002?gh_jid=4786593002
17,"PCB Designer, Senior","Hawthorne, CA, United States",Full-Time,https://boards.greenhouse.io/spacex/jobs/4782359002?gh_jid=4782359002
18,Radiation Effects Engineer,"Hawthorne, CA, United States",Full-Time,https://boards.greenhouse.io/spacex/jobs/4751340002?gh_jid=4751340002
19,"Radiation Effects Engineer, Senior","Hawthorne, CA, United States",Full-Time,https://boards.greenhouse.io/spacex/jobs/4737248002?gh_jid=4737248002
20,RF Engineer,"Hawthorne, CA, United States",Full-Time,https://boards.greenhouse.io/spacex/jobs/4778744002?gh_jid=4778744002
21,RF Engineer (Life Cycle Avionics),"Hawthorne, CA, United States",Full-Time,https://boards.greenhouse.io/spacex/jobs/4771686002?gh_jid=4771686002
22,Sensor Development Engineer (Starship),"Hawthorne, CA, United States",Full-Time,https://boards.greenhouse.io/spacex/jobs/4757300002?gh_jid=4757300002
23,Sensor Test Automation Engineer,"Hawthorne, CA, United States",Full-Time,https://boards.greenhouse.io/spacex/jobs/4753640002?gh_jid=4753640002
24,Sr. Hardware Development Engineer (Starlink),"Hawthorne, CA, United States",Full-Time,https://boards.greenhouse.io/spacex/jobs/4750171002?gh_jid=4750171002
25,"Electrical Test Engineer, Senior","Hawthorne, CA, United States",Full-Time,https://boards.greenhouse.io/spacex/jobs/4760341002?gh_jid=4760341002
26,Test Automation Engineer (Starlink),"Hawthorne, CA, United States",Full-Time,https://boards.greenhouse.io/spacex/jobs/4718785002?gh_jid=4718785002
27,Build Reliability Engineer,"Hawthorne, CA, United States",Full-Time,https://boards.greenhouse.io/spacex/jobs/4716214002?gh_jid=4716214002
28,Change Engineer,"Hawthorne, CA, United States",Full-Time,https://boards.greenhouse.io/spacex/jobs/4719728002?gh_jid=4719728002
29,"Hardware Failure Analysis Engineer, Avionics (Starlink)","Redmond, WA, United States",Full-Time,https://boards.greenhouse.io/spacex/jobs/4734855002?gh_jid=4734855002
30,Test Reliability Engineer,"Hawthorne, CA, United States",Full-Time,https://boards.greenhouse.io/spacex/jobs/4682460002?gh_jid=4682460002
31,Development Test Specialist,"Hawthorne, CA, United States",Full-Time,https://boards.greenhouse.io/spacex/jobs/4638989002?gh_jid=4638989002
32,Development Test Technician,"Hawthorne, CA, United States",Full-Time,https://boards.greenhouse.io/spacex/jobs/4639020002?gh_jid=4639020002
33,Environmental Health & Safety Engineer,"Brownsville, TX, United States",Full-Time,https://boards.greenhouse.io/spacex/jobs/4669856002?gh_jid=4669856002
34,Environmental Health & Safety Technician,"Vandenberg, CA, United States",Full-Time,https://boards.greenhouse.io/spacex/jobs/4751792002?gh_jid=4751792002
35,Environmental Health & Safety Technician,"Hawthorne, CA, United States",Full-Time,https://boards.greenhouse.io/spacex/jobs/4760130002?gh_jid=4760130002
36,"Manager, Environmental Health & Safety","Brownsville, TX, United States",Full-Time,https://boards.greenhouse.io/spacex/jobs/4725576002?gh_jid=4725576002
37,Receiving Inspector,"Hawthorne, CA, United States",Full-Time,https://boards.greenhouse.io/spacex/jobs/4637977002?gh_jid=4637977002
38,Facilities Specialist,"Hawthorne, CA, United States",Full-Time,https://boards.greenhouse.io/spacex/jobs/4517408002?gh_jid=4517408002
39,Spaceport Development Specialist - Temporary,"Brownsville, TX, United States",Temporary,https://boards.greenhouse.io/spacex/jobs/4778508002?gh_jid=4778508002
40,Buyer,"McGregor, TX, United States",Full-Time,https://boards.greenhouse.io/spacex/jobs/4751783002?gh_jid=4751783002
41,Buyer - Starship (Boca Chica),"Brownsville, TX, United States",Full-Time,https://boards.greenhouse.io/spacex/jobs/4664259002?gh_jid=4664259002
42,Finance Manager,"Hawthorne, CA, United States",Full-Time,https://boards.greenhouse.io/spacex/jobs/4665883002?gh_jid=4665883002
43,Financial Analyst,"Hawthorne, CA, United States",Full-Time,https://boards.greenhouse.io/spacex/jobs/4770535002?gh_jid=4770535002
44,Purchasing Coordinator - Temporary,"Brownsville, TX, United States",Temporary,https://boards.greenhouse.io/spacex/jobs/4732248002?gh_jid=4732248002
45,Purchasing Coordinator - Temporary,"Hawthorne, CA, United States",Full-Time,https://boards.greenhouse.io/spacex/jobs/4681292002?gh_jid=4681292002
46,Purchasing Manager - Starlink Gateway Site,"Redmond, WA, United States",Full-Time,https://boards.greenhouse.io/spacex/jobs/4765370002?gh_jid=4765370002
47,Senior Buyer,"Hawthorne, CA, United States",Full-Time,https://boards.greenhouse.io/spacex/jobs/4652987002?gh_jid=4652987002
48,Sr. Buyer - Starship Tooling,"Brownsville, TX, United States",Full-Time,https://boards.greenhouse.io/spacex/jobs/4750426002?gh_jid=4750426002
49,Barista,"Hawthorne, CA, United States",Full-Time,https://boards.greenhouse.io/spacex/jobs/4591475002?gh_jid=4591475002
50,Cook,"McGregor, TX, United States",Full-Time,https://boards.greenhouse.io/spacex/jobs/4433955002?gh_jid=4433955002
51,Cook,"Brownsville, TX, United States",Full-Time,https://boards.greenhouse.io/spacex/jobs/4643965002?gh_jid=4643965002
52,Cook,"Cape Canaveral, FL, United States",Full-Time,https://boards.greenhouse.io/spacex/jobs/4751776002?gh_jid=4751776002
53,Cook,"Hawthorne, CA, United States",Full-Time,https://boards.greenhouse.io/spacex/jobs/4362436002?gh_jid=4362436002
54,Cook III,"Hawthorne, CA, United States",Full-Time,https://boards.greenhouse.io/spacex/jobs/4720373002?gh_jid=4720373002
55,Cook - Temporary,"Brownsville, TX, United States",Temporary,https://boards.greenhouse.io/spacex/jobs/4732241002?gh_jid=4732241002
56,Dining Room Attendant,"Hawthorne, CA, United States",Full-Time,https://boards.greenhouse.io/spacex/jobs/4362452002?gh_jid=4362452002
57,Dishwasher,"Hawthorne, CA, United States",Full-Time,https://boards.greenhouse.io/spacex/jobs/4468748002?gh_jid=4468748002
58,Food Services Specialist,"McGregor, TX, United States",Full-Time,https://boards.greenhouse.io/spacex/jobs/4433949002?gh_jid=4433949002
59,Food Services Specialist,"Cape Canaveral, FL, United States",Full-Time,https://boards.greenhouse.io/spacex/jobs/4433961002?gh_jid=4433961002
60,Food Services Specialist - Temporary,"Brownsville, TX, United States",Temporary,https://boards.greenhouse.io/spacex/jobs/4732219002?gh_jid=4732219002
61,"Food Services Specialist - Vandenberg, CA","Vandenberg, CA, United States",Full-Time,https://boards.greenhouse.io/spacex/jobs/4786542002?gh_jid=4786542002
62,Hospitality Lead,"Hawthorne, CA, United States",Full-Time,https://boards.greenhouse.io/spacex/jobs/4789970002?gh_jid=4789970002
63,Hospitality Manager,"Brownsville, TX, United States",Full-Time,https://boards.greenhouse.io/spacex/jobs/4788724002?gh_jid=4788724002
64,Porter,"Hawthorne, CA, United States",Full-Time,https://boards.greenhouse.io/spacex/jobs/4760163002?gh_jid=4760163002
65,Porter - Temporary,"Brownsville, TX, United States",Temporary,https://boards.greenhouse.io/spacex/jobs/4739666002?gh_jid=4739666002
66,Constellation Operations and Automation Engineer,"Redmond, WA, United States",Full-Time,https://boards.greenhouse.io/spacex/jobs/4757827002?gh_jid=4757827002
67,"Control Systems Engineer, Laser Communications","Hawthorne, CA, United States",Full-Time,https://boards.greenhouse.io/spacex/jobs/4756644002?gh_jid=4756644002
68,GNC Mission Design Engineer,"Hawthorne, CA, United States",Full-Time,https://boards.greenhouse.io/spacex/jobs/4759921002?gh_jid=4759921002
69,GNC Satellite Attitude Determination & Control Engineer,"Hawthorne, CA, United States",Full-Time,https://boards.greenhouse.io/spacex/jobs/4722220002?gh_jid=4722220002
70,GNC Satellite Attitude Determination & Control Engineer,"Redmond, WA, United States",Full-Time,https://boards.greenhouse.io/spacex/jobs/4722211002?gh_jid=4722211002
71,Mission Design Engineer (Top Secret Clearance),"Hawthorne, CA, United States",Full-Time,https://boards.greenhouse.io/spacex/jobs/4713978002?gh_jid=4713978002
72,Mission Design Lead (Top Secret Clearance),"Hawthorne, CA, United States",Full-Time,https://boards.greenhouse.io/spacex/jobs/4779771002?gh_jid=4779771002
73,Modeling and Simulation Engineer (Top Secret Clearance),"Hawthorne, CA, United States",Full-Time,https://boards.greenhouse.io/spacex/jobs/4728827002?gh_jid=4728827002
74,Software Automation Engineer,"Hawthorne, CA, United States",Full-Time,https://boards.greenhouse.io/spacex/jobs/4668785002?gh_jid=4668785002
75,Benefits Analyst,"Hawthorne, CA, United States",Full-Time,https://boards.greenhouse.io/spacex/jobs/4580835002?gh_jid=4580835002
76,Benefits Coordinator,"Hawthorne, CA, United States",Full-Time,https://boards.greenhouse.io/spacex/jobs/4800479002?gh_jid=4800479002
77,Compensation Analyst,"Hawthorne, CA, United States",Full-Time,https://boards.greenhouse.io/spacex/jobs/4764400002?gh_jid=4764400002
78,Human Resources Coordinator - Temporary,"Brownsville, TX, United States",Temporary,https://boards.greenhouse.io/spacex/jobs/4777304002?gh_jid=4777304002
79,Technical Recruiter - Temporary,"Hawthorne, CA, United States",Temporary,https://boards.greenhouse.io/spacex/jobs/4770174002?gh_jid=4770174002
80,Technical Recruiter - Temporary,"McGregor, TX, United States",Temporary,https://boards.greenhouse.io/spacex/jobs/4691177002?gh_jid=4691177002
81,Technical Recruiter - Temporary,"Brownsville, TX, United States",Temporary,https://boards.greenhouse.io/spacex/jobs/4770399002?gh_jid=4770399002
82,Technical Recruiter - Temporary,"Redmond, WA, United States",Temporary,https://boards.greenhouse.io/spacex/jobs/4768069002?gh_jid=4768069002
83,Technical Recruiter - Temporary (Manufacturing & Production),"Hawthorne, CA, United States",Temporary,https://boards.greenhouse.io/spacex/jobs/4783778002?gh_jid=4783778002
84,Technical Recruiter - Temporary (Software & Information Technology),"Hawthorne, CA, United States",Temporary,https://boards.greenhouse.io/spacex/jobs/4678037002?gh_jid=4678037002
85,Technical Recruiter - Temporary (Supply Chain & Materials Engineering),"Hawthorne, CA, United States",Temporary,https://boards.greenhouse.io/spacex/jobs/4683784002?gh_jid=4683784002
86,Information Security Assurance Analyst - Supply Chain,"Hawthorne, CA, United States",Full-Time,https://boards.greenhouse.io/spacex/jobs/4745472002?gh_jid=4745472002
87,Information Security Engineer (Windows Systems),"Hawthorne, CA, United States",Full-Time,https://boards.greenhouse.io/spacex/jobs/4787121002?gh_jid=4787121002
88,"Manager, Cyber Security Operations and Incident Response","Hawthorne, CA, United States",Full-Time,https://boards.greenhouse.io/spacex/jobs/4742433002?gh_jid=4742433002
89,Network Security Engineer,"Hawthorne, CA, United States",Full-Time,https://boards.greenhouse.io/spacex/jobs/4697346002?gh_jid=4697346002
90,Security Automation Engineer,"Hawthorne, CA, United States",Full-Time,https://boards.greenhouse.io/spacex/jobs/4799041002?gh_jid=4799041002
91,Senior Network Security Engineer,"Hawthorne, CA, United States",Full-Time,https://boards.greenhouse.io/spacex/jobs/4697349002?gh_jid=4697349002
92,Sr. Information Security Analyst (Incident Response),"Hawthorne, CA, United States",Full-Time,https://boards.greenhouse.io/spacex/jobs/4731157002?gh_jid=4731157002
93,Database Administrator,"Hawthorne, CA, United States",Full-Time,https://boards.greenhouse.io/spacex/jobs/4776200002?gh_jid=4776200002
94,IT Linux Systems Administrator,"Hawthorne, CA, United States",Full-Time,https://boards.greenhouse.io/spacex/jobs/4675117002?gh_jid=4675117002
95,IT Linux Systems Engineer,"Hawthorne, CA, United States",Full-Time,https://boards.greenhouse.io/spacex/jobs/4624028002?gh_jid=4624028002
96,IT Services Technician II,"Hawthorne, CA, United States",Full-Time,https://boards.greenhouse.io/spacex/jobs/4760140002?gh_jid=4760140002
97,IT Services Technician II â€“ Temporary Position,"Brownsville, TX, United States",Temporary,https://boards.greenhouse.io/spacex/jobs/4791659002?gh_jid=4791659002
98,IT Storage Engineer,"Hawthorne, CA, United States",Full-Time,https://boards.greenhouse.io/spacex/jobs/4747762002?gh_jid=4747762002
99,IT Windows System Engineer,"Hawthorne, CA, United States",Full-Time,https://boards.greenhouse.io/spacex/jobs/4674498002?gh_jid=4674498002
100,Senior IT Storage Engineer,"Hawthorne, CA, United States",Full-Time,https://boards.greenhouse.io/spacex/jobs/4691360002?gh_jid=4691360002
101,Site Reliability Engineer,"Redmond, WA, United States",Full-Time,https://boards.greenhouse.io/spacex/jobs/4750152002?gh_jid=4750152002
102,Site Reliability Engineer,"Hawthorne, CA, United States",Full-Time,https://boards.greenhouse.io/spacex/jobs/4744231002?gh_jid=4744231002
103,Software Engineer,"Brownsville, TX, United States",Full-Time,https://boards.greenhouse.io/spacex/jobs/4775083002?gh_jid=4775083002
104,Sr. IT Windows System Engineer,"Hawthorne, CA, United States",Full-Time,https://boards.greenhouse.io/spacex/jobs/4621995002?gh_jid=4621995002
105,VMware Systems Engineer,"Hawthorne, CA, United States",Full-Time,https://boards.greenhouse.io/spacex/jobs/4740503002?gh_jid=4740503002
106,Automation & Controls Designer,"Brownsville, TX, United States",Full-Time,https://boards.greenhouse.io/spacex/jobs/4682533002?gh_jid=4682533002
107,Automation & Controls Engineer (Starship),"Brownsville, TX, United States",Full-Time,https://boards.greenhouse.io/spacex/jobs/4648620002?gh_jid=4648620002
108,Automation & Controls Specialist,"Brownsville, TX, United States",Full-Time,https://boards.greenhouse.io/spacex/jobs/4712553002?gh_jid=4712553002
109,"Civil Engineer, Site Development","Brownsville, TX, United States",Full-Time,https://boards.greenhouse.io/spacex/jobs/4723414002?gh_jid=4723414002
110,Crew Dragon Launch Operations Engineer - Electrical,"Cape Canaveral, FL, United States",Full-Time,https://boards.greenhouse.io/spacex/jobs/4714332002?gh_jid=4714332002
111,Development Test Engineer,"Hawthorne, CA, United States",Full-Time,https://boards.greenhouse.io/spacex/jobs/4690670002?gh_jid=4690670002
112,Electrical Power Launch Engineer,"Cape Canaveral, FL, United States",Full-Time,https://boards.greenhouse.io/spacex/jobs/4777881002?gh_jid=4777881002
113,Environmental Ground Systems Engineer,"Brownsville, TX, United States",Full-Time,https://boards.greenhouse.io/spacex/jobs/4715424002?gh_jid=4715424002
114,Fleet Operations Engineer,"Cape Canaveral, FL, United States",Full-Time,https://boards.greenhouse.io/spacex/jobs/4765176002?gh_jid=4765176002
115,Fluid Systems Design Engineer,"Brownsville, TX, United States",Full-Time,https://boards.greenhouse.io/spacex/jobs/4693431002?gh_jid=4693431002
116,"Ground Operations Engineer, Launch Pads","Cape Canaveral, FL, United States",Full-Time,https://boards.greenhouse.io/spacex/jobs/4713337002?gh_jid=4713337002
117,Ground Segment Engineer,"Hawthorne, CA, United States",Full-Time,https://boards.greenhouse.io/spacex/jobs/4692295002?gh_jid=4692295002
118,"Integration Engineer, Dragon Ground Operations","Cape Canaveral, FL, United States",Full-Time,https://boards.greenhouse.io/spacex/jobs/4787616002?gh_jid=4787616002
119,Launch Communications Engineer,"Brownsville, TX, United States",Full-Time,https://boards.greenhouse.io/spacex/jobs/4664889002?gh_jid=4664889002
120,"Launch Engineer (Fairings, Payload & Starlink Integration)","Cape Canaveral, FL, United States",Full-Time,https://boards.greenhouse.io/spacex/jobs/4538230002?gh_jid=4538230002
121,"Launch Engineer, Fluid Systems","Vandenberg, CA, United States",Full-Time,https://boards.greenhouse.io/spacex/jobs/4684207002?gh_jid=4684207002
122,"Launch Engineer, Fluid Systems (Dragon Ground Operations)","Cape Canaveral, FL, United States",Full-Time,https://boards.greenhouse.io/spacex/jobs/4794210002?gh_jid=4794210002
123,"Launch Engineer, Launch Control and Flight Operations","Cape Canaveral, FL, United States",Full-Time,https://boards.greenhouse.io/spacex/jobs/4698533002?gh_jid=4698533002
124,"Launch Engineer, Launch Control & Flight Operations (Starship)","Brownsville, TX, United States",Full-Time,https://boards.greenhouse.io/spacex/jobs/4698518002?gh_jid=4698518002
125,"Launch Engineer, Vehicle & Payload Integration","Vandenberg, CA, United States",Full-Time,https://boards.greenhouse.io/spacex/jobs/4684194002?gh_jid=4684194002
126,Launch HVAC Engineer,"Cape Canaveral, FL, United States",Full-Time,https://boards.greenhouse.io/spacex/jobs/4788974002?gh_jid=4788974002
127,"Lead Ground Operations Engineer, Launch Pads","Cape Canaveral, FL, United States",Full-Time,https://boards.greenhouse.io/spacex/jobs/4713317002?gh_jid=4713317002
128,Lead Mechanical Engineer (Ground Engineering),"Brownsville, TX, United States",Full-Time,https://boards.greenhouse.io/spacex/jobs/4709835002?gh_jid=4709835002
129,Manufacturing Engineer (Ground Engineering),"Hawthorne, CA, United States",Full-Time,https://boards.greenhouse.io/spacex/jobs/4709832002?gh_jid=4709832002
130,Manufacturing Engineer (Ground Engineering),"Brownsville, TX, United States",Full-Time,https://boards.greenhouse.io/spacex/jobs/4686938002?gh_jid=4686938002
131,Mechanical Engineer (Ground Engineering),"Brownsville, TX, United States",Full-Time,https://boards.greenhouse.io/spacex/jobs/4715478002?gh_jid=4715478002
132,Mechanical Engineer (Ground Engineering),"Hawthorne, CA, United States",Full-Time,https://boards.greenhouse.io/spacex/jobs/4679798002?gh_jid=4679798002
133,Recovery Operations Engineer,"Cape Canaveral, FL, United States",Full-Time,https://boards.greenhouse.io/spacex/jobs/4760762002?gh_jid=4760762002
134,Sr. Offshore Operations Engineer,"Brownsville, TX, United States",Full-Time,https://boards.greenhouse.io/spacex/jobs/4764441002?gh_jid=4764441002
135,Tooling Engineer (Starship Engineering),"Brownsville, TX, United States",Full-Time,https://boards.greenhouse.io/spacex/jobs/4679795002?gh_jid=4679795002
136,Combination Welder (Ground Support Equipment Tooling),"Hawthorne, CA, United States",Full-Time,https://boards.greenhouse.io/spacex/jobs/4670277002?gh_jid=4670277002
137,Crane Operator - Temporary,"Brownsville, TX, United States",Temporary,https://boards.greenhouse.io/spacex/jobs/4733488002?gh_jid=4733488002
138,Facilities Technician,"Vandenberg, CA, United States",Full-Time,https://boards.greenhouse.io/spacex/jobs/4684224002?gh_jid=4684224002
139,"Fluids Technician, Dragon Ground Operations","Cape Canaveral, FL, United States",Full-Time,https://boards.greenhouse.io/spacex/jobs/4795145002?gh_jid=4795145002
140,"Integration Technician, Dragon Ground Operations - 2nd shift","Cape Canaveral, FL, United States",Full-Time,https://boards.greenhouse.io/spacex/jobs/4785987002?gh_jid=4785987002
141,Launch Communications Systems Specialist - Temporary,"Brownsville, TX, United States",Temporary,https://boards.greenhouse.io/spacex/jobs/4703276002?gh_jid=4703276002
142,Launch Integration Technician,"Vandenberg, CA, United States",Full-Time,https://boards.greenhouse.io/spacex/jobs/4684202002?gh_jid=4684202002
143,Launch Pad Technician,"Vandenberg, CA, United States",Full-Time,https://boards.greenhouse.io/spacex/jobs/4758340002?gh_jid=4758340002
144,Machine Maintenance Technician - 2nd Shift,"Hawthorne, CA, United States",Full-Time,https://boards.greenhouse.io/spacex/jobs/4720746002?gh_jid=4720746002
145,Machine Maintenance Technician (CNC Machining),"Hawthorne, CA, United States",Full-Time,https://boards.greenhouse.io/spacex/jobs/4720724002?gh_jid=4720724002
146,Offshore Systems Technician,"Brownsville, TX, United States",Full-Time,https://boards.greenhouse.io/spacex/jobs/4767081002?gh_jid=4767081002
147,"Payload Integration Technician, Starlink & Fairing - 2nd Shift","Cape Canaveral, FL, United States",Full-Time,https://boards.greenhouse.io/spacex/jobs/4675947002?gh_jid=4675947002
148,Pipe Fitter - Temporary,"Brownsville, TX, United States",Temporary,https://boards.greenhouse.io/spacex/jobs/4766966002?gh_jid=4766966002
149,Recovery Technician,"Cape Canaveral, FL, United States",Full-Time,https://boards.greenhouse.io/spacex/jobs/4739071002?gh_jid=4739071002
150,Rigger - Temporary Position,"Brownsville, TX, United States",Temporary,https://boards.greenhouse.io/spacex/jobs/4651586002?gh_jid=4651586002
151,Support Technician (Starship) - Temporary,"Brownsville, TX, United States",Temporary,https://boards.greenhouse.io/spacex/jobs/4710394002?gh_jid=4710394002
152,Tooling Development Technician,"Hawthorne, CA, United States",Full-Time,https://boards.greenhouse.io/spacex/jobs/4750335002?gh_jid=4750335002
153,Tooling Technician (Maintenance),"Hawthorne, CA, United States",Full-Time,https://boards.greenhouse.io/spacex/jobs/4697374002?gh_jid=4697374002
154,Tooling Technician (Maintenance),"Cape Canaveral, FL, United States",Full-Time,https://boards.greenhouse.io/spacex/jobs/4683240002?gh_jid=4683240002
155,Toolmaker,"Hawthorne, CA, United States",Full-Time,https://boards.greenhouse.io/spacex/jobs/4666544002?gh_jid=4666544002
156,Corporate Counsel,"Hawthorne, CA, United States",Full-Time,https://boards.greenhouse.io/spacex/jobs/4781104002?gh_jid=4781104002
157,"Manager, Global Satellite Regulatory Advocacy","Washington, DC, United States",Full-Time,https://boards.greenhouse.io/spacex/jobs/4660924002?gh_jid=4660924002
158,Paralegal/Contract Administrator,"Hawthorne, CA, United States",Full-Time,https://boards.greenhouse.io/spacex/jobs/4789864002?gh_jid=4789864002
159,"Sr. Manager, Global Satellite Government Affairs","Hawthorne, CA, United States",Full-Time,https://boards.greenhouse.io/spacex/jobs/4660909002?gh_jid=4660909002
160,CNC Programmer (ESPRIT),"Hawthorne, CA, United States",Full-Time,https://boards.greenhouse.io/spacex/jobs/4678324002?gh_jid=4678324002
161,Cylindrical Grinder (ID/OD),"Hawthorne, CA, United States",Full-Time,https://boards.greenhouse.io/spacex/jobs/4714543002?gh_jid=4714543002
162,Manufacturing Engineer - Machining Operations (1st Shift),"Hawthorne, CA, United States",Full-Time,https://boards.greenhouse.io/spacex/jobs/4527450002?gh_jid=4527450002
163,Manufacturing Engineer - Machining Operations (2nd shift),"Hawthorne, CA, United States",Full-Time,https://boards.greenhouse.io/spacex/jobs/4449872002?gh_jid=4449872002
164,Press Brake Operator,"Hawthorne, CA, United States",Full-Time,https://boards.greenhouse.io/spacex/jobs/4754812002?gh_jid=4754812002
165,Starlink CNC Programmer (2nd shift),"Redmond, WA, United States",Full-Time,https://boards.greenhouse.io/spacex/jobs/4732323002?gh_jid=4732323002
166,Avionics Test Development Engineer,"Hawthorne, CA, United States",Full-Time,https://boards.greenhouse.io/spacex/jobs/4678555002?gh_jid=4678555002
167,Integration & Test Engineer (Satellites),"Hawthorne, CA, United States",Full-Time,https://boards.greenhouse.io/spacex/jobs/4692210002?gh_jid=4692210002
168,Manufacturing Development Engineer (Raptor),"Hawthorne, CA, United States",Full-Time,https://boards.greenhouse.io/spacex/jobs/4709526002?gh_jid=4709526002
169,Manufacturing Engineer (Avionics RF/Microwave),"Hawthorne, CA, United States",Full-Time,https://boards.greenhouse.io/spacex/jobs/4775097002?gh_jid=4775097002
170,Manufacturing Engineer (Composites Assembly and Integration),"Hawthorne, CA, United States",Full-Time,https://boards.greenhouse.io/spacex/jobs/4655981002?gh_jid=4655981002
171,Manufacturing Engineer (Dragon Composites/Structures),"Hawthorne, CA, United States",Full-Time,https://boards.greenhouse.io/spacex/jobs/4777250002?gh_jid=4777250002
172,Manufacturing Engineer (PCBA/SMT),"Hawthorne, CA, United States",Full-Time,https://boards.greenhouse.io/spacex/jobs/4793131002?gh_jid=4793131002
173,Manufacturing Engineer (Raptor Production),"Hawthorne, CA, United States",Full-Time,https://boards.greenhouse.io/spacex/jobs/4715237002?gh_jid=4715237002
174,Manufacturing Engineer - Satellite Assembly,"Redmond, WA, United States",Full-Time,https://boards.greenhouse.io/spacex/jobs/4697265002?gh_jid=4697265002
175,Manufacturing Engineer (Space Simulation Test Lab),"Hawthorne, CA, United States",Full-Time,https://boards.greenhouse.io/spacex/jobs/4656105002?gh_jid=4656105002
176,Manufacturing Engineer (Turbo-pump & Injector Assembly),"Hawthorne, CA, United States",Full-Time,https://boards.greenhouse.io/spacex/jobs/4772056002?gh_jid=4772056002
177,Process Development Engineer (Raptor Production),"Hawthorne, CA, United States",Full-Time,https://boards.greenhouse.io/spacex/jobs/4701550002?gh_jid=4701550002
178,Starlink Laser Communication Manufacturing Engineer,"Redmond, WA, United States",Full-Time,https://boards.greenhouse.io/spacex/jobs/4719869002?gh_jid=4719869002
179,Test Automation Engineer (Components),"Hawthorne, CA, United States",Full-Time,https://boards.greenhouse.io/spacex/jobs/4772134002?gh_jid=4772134002
180,"Test Automation Engineer (Electrical), Dragon Engineering","Hawthorne, CA, United States",Full-Time,https://boards.greenhouse.io/spacex/jobs/4768183002?gh_jid=4768183002
181,"Test Automation Engineer (Software), Dragon Engineering","Hawthorne, CA, United States",Full-Time,https://boards.greenhouse.io/spacex/jobs/4750613002?gh_jid=4750613002
182,Tooling Build Engineer,"Brownsville, TX, United States",Full-Time,https://boards.greenhouse.io/spacex/jobs/4727805002?gh_jid=4727805002
183,Composites Quality Supervisor - 2nd shift,"Hawthorne, CA, United States",Full-Time,https://boards.greenhouse.io/spacex/jobs/4648227002?gh_jid=4648227002
184,Lead Production Engineer,"Hawthorne, CA, United States",Full-Time,https://boards.greenhouse.io/spacex/jobs/4723084002?gh_jid=4723084002
185,Machining Supervisor (Starship),"Brownsville, TX, United States",Full-Time,https://boards.greenhouse.io/spacex/jobs/4736502002?gh_jid=4736502002
186,"Manager, Tooling, Automation & Controls Engineering (Starlink)","Hawthorne, CA, United States",Full-Time,https://boards.greenhouse.io/spacex/jobs/4796906002?gh_jid=4796906002
187,Space Simulation Test Lab Manager,"Hawthorne, CA, United States",Full-Time,https://boards.greenhouse.io/spacex/jobs/4788305002?gh_jid=4788305002
188,Starlink Maintenance Supervisor,"Redmond, WA, United States",Full-Time,https://boards.greenhouse.io/spacex/jobs/4650314002?gh_jid=4650314002
189,Starlink Production Supervisor - 2nd Shift,"Hawthorne, CA, United States",Full-Time,https://boards.greenhouse.io/spacex/jobs/4755074002?gh_jid=4755074002
190,Starlink Production Supervisor (Laser/Optical Communications),"Redmond, WA, United States",Full-Time,https://boards.greenhouse.io/spacex/jobs/4784309002?gh_jid=4784309002
191,Production Control Coordinator (2nd Shift),"Hawthorne, CA, United States",Full-Time,https://boards.greenhouse.io/spacex/jobs/4409482002?gh_jid=4409482002
192,Production Control Coordinator (2nd Shift),"Hawthorne, CA, United States",Full-Time,https://boards.greenhouse.io/spacex/jobs/4612702002?gh_jid=4612702002
193,Production Control Scheduler (Raptor Turbomachinery),"Hawthorne, CA, United States",Full-Time,https://boards.greenhouse.io/spacex/jobs/4796762002?gh_jid=4796762002
194,Production Coordinator (Composites/NDE),"Hawthorne, CA, United States",Full-Time,https://boards.greenhouse.io/spacex/jobs/4592971002?gh_jid=4592971002
195,Production Coordinator - Space Simulation Test Lab,"Hawthorne, CA, United States",Full-Time,https://boards.greenhouse.io/spacex/jobs/4596519002?gh_jid=4596519002
196,Quality Inspector (Composites Structures & Avionics Integration),"Hawthorne, CA, United States",Full-Time,https://boards.greenhouse.io/spacex/jobs/4694540002?gh_jid=4694540002
197,Quality Inspector (Dragon Spacecraft),"Hawthorne, CA, United States",Full-Time,https://boards.greenhouse.io/spacex/jobs/4758523002?gh_jid=4758523002
198,Quality Supervisor,"Hawthorne, CA, United States",Full-Time,https://boards.greenhouse.io/spacex/jobs/4770456002?gh_jid=4770456002
199,Starlink Quality Specialist,"Redmond, WA, United States",Full-Time,https://boards.greenhouse.io/spacex/jobs/4652045002?gh_jid=4652045002
200,Avionics Test Technician - Space Simulation Test Lab,"Hawthorne, CA, United States",Full-Time,https://boards.greenhouse.io/spacex/jobs/4614142002?gh_jid=4614142002
201,Batteries Production Technician,"Hawthorne, CA, United States",Full-Time,https://boards.greenhouse.io/spacex/jobs/4586279002?gh_jid=4586279002
202,Composites Integration Technician,"Hawthorne, CA, United States",Full-Time,https://boards.greenhouse.io/spacex/jobs/4675954002?gh_jid=4675954002
203,Composites Lamination Technician,"Hawthorne, CA, United States",Full-Time,https://boards.greenhouse.io/spacex/jobs/4675949002?gh_jid=4675949002
204,Composites Ovens Technician - 2nd shift,"Hawthorne, CA, United States",Full-Time,https://boards.greenhouse.io/spacex/jobs/4675990002?gh_jid=4675990002
205,Composites Structures Technician,"Hawthorne, CA, United States",Full-Time,https://boards.greenhouse.io/spacex/jobs/4675964002?gh_jid=4675964002
206,Electromechanical Technician,"Hawthorne, CA, United States",Full-Time,https://boards.greenhouse.io/spacex/jobs/4743939002?gh_jid=4743939002
207,Friction Stir Weld Technician,"Hawthorne, CA, United States",Full-Time,https://boards.greenhouse.io/spacex/jobs/4791654002?gh_jid=4791654002
208,High Temperature Composites Technician,"Hawthorne, CA, United States",Full-Time,https://boards.greenhouse.io/spacex/jobs/4675981002?gh_jid=4675981002
209,Lead Satellites Electro-Mechanical Technician,"Hawthorne, CA, United States",Full-Time,https://boards.greenhouse.io/spacex/jobs/4761942002?gh_jid=4761942002
210,Machinist (Starship) - Temporary,"Brownsville, TX, United States",Temporary,https://boards.greenhouse.io/spacex/jobs/4747826002?gh_jid=4747826002
211,Paint Technician,"Hawthorne, CA, United States",Full-Time,https://boards.greenhouse.io/spacex/jobs/4798956002?gh_jid=4798956002
212,PCBA Technician,"Hawthorne, CA, United States",Full-Time,https://boards.greenhouse.io/spacex/jobs/4741036002?gh_jid=4741036002
213,Press Brake Operator (Starship),"Hawthorne, CA, United States",Full-Time,https://boards.greenhouse.io/spacex/jobs/4769508002?gh_jid=4769508002
214,Production Associate (Starlink),"Hawthorne, CA, United States",Full-Time,https://boards.greenhouse.io/spacex/jobs/4790058002?gh_jid=4790058002
215,Production Coordinator,"Hawthorne, CA, United States",Full-Time,https://boards.greenhouse.io/spacex/jobs/4753701002?gh_jid=4753701002
216,Production Coordinator (Composites),"Hawthorne, CA, United States",Full-Time,https://boards.greenhouse.io/spacex/jobs/4500183002?gh_jid=4500183002
217,Production Coordinator (Dragon Spacecraft) - Temporary,"Hawthorne, CA, United States",Temporary,https://boards.greenhouse.io/spacex/jobs/4796949002?gh_jid=4796949002
218,Propulsion Technician (Dragon Spacecraft) - Temporary,"Hawthorne, CA, United States",Temporary,https://boards.greenhouse.io/spacex/jobs/4758595002?gh_jid=4758595002
219,Propulsion Technician - Raptor,"Hawthorne, CA, United States",Full-Time,https://boards.greenhouse.io/spacex/jobs/4749198002?gh_jid=4749198002
220,Propulsion Technician (Raptor) - 2nd Shift,"Hawthorne, CA, United States",Full-Time,https://boards.greenhouse.io/spacex/jobs/4741773002?gh_jid=4741773002
221,Propulsion Technician (Valves),"Hawthorne, CA, United States",Full-Time,https://boards.greenhouse.io/spacex/jobs/4745530002?gh_jid=4745530002
222,R&D TIG Welder (2nd shift),"Hawthorne, CA, United States",Full-Time,https://boards.greenhouse.io/spacex/jobs/4667376002?gh_jid=4667376002
223,Sensors Electromechanical Technician,"Hawthorne, CA, United States",Full-Time,https://boards.greenhouse.io/spacex/jobs/4719866002?gh_jid=4719866002
224,SMT Technician (2nd Shift),"Hawthorne, CA, United States",Full-Time,https://boards.greenhouse.io/spacex/jobs/4722548002?gh_jid=4722548002
225,Solar Array Technician - 2nd shift,"Hawthorne, CA, United States",Full-Time,https://boards.greenhouse.io/spacex/jobs/4628389002?gh_jid=4628389002
226,Space Laser Precision Machine Operator,"Redmond, WA, United States",Full-Time,https://boards.greenhouse.io/spacex/jobs/4721427002?gh_jid=4721427002
227,Starlink Development Fabricator,"Redmond, WA, United States",Full-Time,https://boards.greenhouse.io/spacex/jobs/4798975002?gh_jid=4798975002
228,Starlink Electro-Mechanical Technician,"Redmond, WA, United States",Full-Time,https://boards.greenhouse.io/spacex/jobs/4650466002?gh_jid=4650466002
229,Starlink Environmental Test Technician,"Redmond, WA, United States",Full-Time,https://boards.greenhouse.io/spacex/jobs/4616650002?gh_jid=4616650002
230,Starlink Integration Technician,"Redmond, WA, United States",Full-Time,https://boards.greenhouse.io/spacex/jobs/4650497002?gh_jid=4650497002
231,Starlink Optical Electromechanical Technician,"Redmond, WA, United States",Full-Time,https://boards.greenhouse.io/spacex/jobs/4719864002?gh_jid=4719864002
232,Starlink Propulsion Technician,"Redmond, WA, United States",Full-Time,https://boards.greenhouse.io/spacex/jobs/4650483002?gh_jid=4650483002
233,Starlink Solar Technician,"Redmond, WA, United States",Full-Time,https://boards.greenhouse.io/spacex/jobs/4650429002?gh_jid=4650429002
234,Starlink Solar Technician - Temporary,"Redmond, WA, United States",Temporary,https://boards.greenhouse.io/spacex/jobs/4710483002?gh_jid=4710483002
235,Starlink Test Specialist,"Redmond, WA, United States",Full-Time,https://boards.greenhouse.io/spacex/jobs/4785689002?gh_jid=4785689002
236,Structures Technician,"Hawthorne, CA, United States",Full-Time,https://boards.greenhouse.io/spacex/jobs/4791652002?gh_jid=4791652002
237,Structures Technician (Dragon Spacecraft) - Temporary,"Hawthorne, CA, United States",Temporary,https://boards.greenhouse.io/spacex/jobs/4763921002?gh_jid=4763921002
238,Test Specialist (Dragon Spacecraft),"Hawthorne, CA, United States",Full-Time,https://boards.greenhouse.io/spacex/jobs/4788421002?gh_jid=4788421002
239,TIG Welder,"Hawthorne, CA, United States",Full-Time,https://boards.greenhouse.io/spacex/jobs/4762551002?gh_jid=4762551002
240,Tube Bender,"Hawthorne, CA, United States",Full-Time,https://boards.greenhouse.io/spacex/jobs/4753976002?gh_jid=4753976002
241,Communications Lead,"Washington, DC, United States",Full-Time,https://boards.greenhouse.io/spacex/jobs/4692204002?gh_jid=4692204002
242,Casting Design Engineer (Raptor),"Hawthorne, CA, United States",Full-Time,https://boards.greenhouse.io/spacex/jobs/4747775002?gh_jid=4747775002
243,Manufacturing Engineer (Raptor Production - Foundry),"Hawthorne, CA, United States",Full-Time,https://boards.greenhouse.io/spacex/jobs/4747803002?gh_jid=4747803002
244,Materials Development Technician - Temporary,"Brownsville, TX, United States",Temporary,https://boards.greenhouse.io/spacex/jobs/4761917002?gh_jid=4761917002
245,Materials Process Engineer - High Pressure Die Casting,"Hawthorne, CA, United States",Full-Time,https://boards.greenhouse.io/spacex/jobs/4568157002?gh_jid=4568157002
246,Materials Specialist - Mechanical Test,"Hawthorne, CA, United States",Full-Time,https://boards.greenhouse.io/spacex/jobs/4675081002?gh_jid=4675081002
247,Materials Technician - Mechanical Test,"Hawthorne, CA, United States",Full-Time,https://boards.greenhouse.io/spacex/jobs/4565455002?gh_jid=4565455002
248,Mechanical Engineer - Starship Welding Engineering,"Hawthorne, CA, United States",Full-Time,https://boards.greenhouse.io/spacex/jobs/4745092002?gh_jid=4745092002
249,Mechanical Engineer - Starship Welding Engineering,"Brownsville, TX, United States",Full-Time,https://boards.greenhouse.io/spacex/jobs/4664076002?gh_jid=4664076002
250,Senior Mechanical Engineer - Starship Welding Engineering,"Hawthorne, CA, United States",Full-Time,https://boards.greenhouse.io/spacex/jobs/4745107002?gh_jid=4745107002
251,Senior Welding Engineer - Starship,"Brownsville, TX, United States",Full-Time,https://boards.greenhouse.io/spacex/jobs/4743520002?gh_jid=4743520002
252,Welding Engineer - Raptor,"Hawthorne, CA, United States",Full-Time,https://boards.greenhouse.io/spacex/jobs/4745129002?gh_jid=4745129002
253,Welding Engineer - Starship,"Brownsville, TX, United States",Full-Time,https://boards.greenhouse.io/spacex/jobs/4742180002?gh_jid=4742180002
254,Ground Systems Integration Engineer (Top Secret Cleared),"Hawthorne, CA, United States",Full-Time,https://boards.greenhouse.io/spacex/jobs/4756642002?gh_jid=4756642002
255,"Mission Integration Engineer, CONOPS","Hawthorne, CA, United States",Full-Time,https://boards.greenhouse.io/spacex/jobs/4756672002?gh_jid=4756672002
256,Mission Integration Engineer - HLS,"Hawthorne, CA, United States",Full-Time,https://boards.greenhouse.io/spacex/jobs/4776446002?gh_jid=4776446002
257,Mission Integration Engineer - Payloads,"Hawthorne, CA, United States",Full-Time,https://boards.greenhouse.io/spacex/jobs/4779982002?gh_jid=4779982002
258,"Mission Integration Engineer, Systems","Hawthorne, CA, United States",Full-Time,https://boards.greenhouse.io/spacex/jobs/4773209002?gh_jid=4773209002
259,Mission Manager - HLS,"Hawthorne, CA, United States",Full-Time,https://boards.greenhouse.io/spacex/jobs/4776444002?gh_jid=4776444002
260,Program Master Scheduler (Lunar and Satellites),"Hawthorne, CA, United States",Full-Time,https://boards.greenhouse.io/spacex/jobs/4770546002?gh_jid=4770546002
261,Certified Weld Inspector (1st Shift),"Brownsville, TX, United States",Full-Time,https://boards.greenhouse.io/spacex/jobs/4677968002?gh_jid=4677968002
262,Certified Weld Inspector (CWI) - 2nd Shift,"Brownsville, TX, United States",Full-Time,https://boards.greenhouse.io/spacex/jobs/4580745002?gh_jid=4580745002
263,"NDE Level II Technician, Penetrant & Ultrasonic Inspection","Brownsville, TX, United States",Full-Time,https://boards.greenhouse.io/spacex/jobs/4734488002?gh_jid=4734488002
264,"NDE Level II Technician, Radiography Inspection (RT) - 1st Shift","Hawthorne, CA, United States",Full-Time,https://boards.greenhouse.io/spacex/jobs/4591505002?gh_jid=4591505002
265,"NDE Level II Technician, Radiography Inspection (RT) - 2nd Shift","Hawthorne, CA, United States",Full-Time,https://boards.greenhouse.io/spacex/jobs/4568698002?gh_jid=4568698002
266,"NDE (Non-Destructive Evaluation) Level II Technician, Radiography Inspection (RT) - 3rd Shift","Hawthorne, CA, United States",Full-Time,https://boards.greenhouse.io/spacex/jobs/4674388002?gh_jid=4674388002
267,Security Officer 3,"Hawthorne, CA, United States",Full-Time,https://boards.greenhouse.io/spacex/jobs/4774782002?gh_jid=4774782002
268,Security Officer - Level 1,"Hawthorne, CA, United States",Full-Time,https://boards.greenhouse.io/spacex/jobs/4638008002?gh_jid=4638008002
269,Security Officer - Level 2,"Hawthorne, CA, United States",Full-Time,https://boards.greenhouse.io/spacex/jobs/4638011002?gh_jid=4638011002
270,Security Officer - Level 2,"McGregor, TX, United States",Full-Time,https://boards.greenhouse.io/spacex/jobs/4778572002?gh_jid=4778572002
271,Mechanical Design Engineer (Propulsion Components),"Hawthorne, CA, United States",Full-Time,https://boards.greenhouse.io/spacex/jobs/4740817002?gh_jid=4740817002
272,Propulsion Development Engineer (Merlin),"Hawthorne, CA, United States",Full-Time,https://boards.greenhouse.io/spacex/jobs/4759785002?gh_jid=4759785002
273,Propulsion Systems Engineer,"Brownsville, TX, United States",Full-Time,https://boards.greenhouse.io/spacex/jobs/4736763002?gh_jid=4736763002
274,Computational Physicist (Combustion Modeling),"Hawthorne, CA, United States",Full-Time,https://boards.greenhouse.io/spacex/jobs/4644930002?gh_jid=4644930002
275,Customer Support Associate,"Hawthorne, CA, United States",Full-Time,https://boards.greenhouse.io/spacex/jobs/4783854002?gh_jid=4783854002
276,Customer Support Associate,"Redmond, WA, United States",Full-Time,https://boards.greenhouse.io/spacex/jobs/4760924002?gh_jid=4760924002
277,Director of Government Sales (Starlink),"Hawthorne, CA or Washington, D.C.",Full-Time,https://boards.greenhouse.io/spacex/jobs/4756674002?gh_jid=4756674002
278,"Program Development and Capture Management Lead, Civil Space","Hawthorne, CA, United States",Full-Time,https://boards.greenhouse.io/spacex/jobs/4652101002?gh_jid=4652101002
279,Proposal Manager,"Hawthorne, CA, United States",Full-Time,https://boards.greenhouse.io/spacex/jobs/4731498002?gh_jid=4731498002
280,Satellite Capture Manager,"Hawthorne, CA, United States",Full-Time,https://boards.greenhouse.io/spacex/jobs/4756676002?gh_jid=4756676002
281,Starlink Market Analysis Lead,"Hawthorne, CA, United States",Full-Time,https://boards.greenhouse.io/spacex/jobs/4731521002?gh_jid=4731521002
282,Antenna Engineer,"Redmond, WA, United States",Full-Time,https://boards.greenhouse.io/spacex/jobs/4733632002?gh_jid=4733632002
283,Avionics Hardware Test Engineer (Starlink),"Redmond, WA, United States",Full-Time,https://boards.greenhouse.io/spacex/jobs/4738351002?gh_jid=4738351002
284,Broadband Communications Integration Engineer (Starlink),"Redmond, WA, United States",Full-Time,https://boards.greenhouse.io/spacex/jobs/4701661002?gh_jid=4701661002
285,"Build Engineer, Optics","Hawthorne, CA, United States",Full-Time,https://boards.greenhouse.io/spacex/jobs/4719925002?gh_jid=4719925002
286,"Build Engineer, Optics","Redmond, WA, United States",Full-Time,https://boards.greenhouse.io/spacex/jobs/4715364002?gh_jid=4715364002
287,Communication Systems Engineer,"Irvine, CA, United States",Full-Time,https://boards.greenhouse.io/spacex/jobs/4727246002?gh_jid=4727246002
288,Constellation Simulation Engineer,"Redmond, WA, United States",Full-Time,https://boards.greenhouse.io/spacex/jobs/4798417002?gh_jid=4798417002
289,FPGA/ASIC Design Engineer,"Redmond, WA, United States",Full-Time,https://boards.greenhouse.io/spacex/jobs/4710277002?gh_jid=4710277002
290,FPGA/ASIC Design Engineer,"Irvine, CA, United States",Full-Time,https://boards.greenhouse.io/spacex/jobs/4710114002?gh_jid=4710114002
291,FPGA/ASIC Verification Engineer,"Redmond, WA, United States",Full-Time,https://boards.greenhouse.io/spacex/jobs/4710575002?gh_jid=4710575002
292,FPGA/ASIC Verification Engineer,"Irvine, CA, United States",Full-Time,https://boards.greenhouse.io/spacex/jobs/4710441002?gh_jid=4710441002
293,FPGA Engineer (Starlink),"Irvine, CA, United States",Full-Time,https://boards.greenhouse.io/spacex/jobs/4727279002?gh_jid=4727279002
294,Global Gateway Site Acquisition Analyst,"Redmond, WA, United States",Full-Time,https://boards.greenhouse.io/spacex/jobs/4670381002?gh_jid=4670381002
295,Ground Segment Technician (Starlink),"Redmond, WA, United States",Full-Time,https://boards.greenhouse.io/spacex/jobs/4589065002?gh_jid=4589065002
296,Hardware Development Electrical Engineer (Starlink Bus),"Redmond, WA, United States",Full-Time,https://boards.greenhouse.io/spacex/jobs/4724327002?gh_jid=4724327002
297,Hardware Development Electrical Engineer (Starlink Payloads),"Redmond, WA, United States",Full-Time,https://boards.greenhouse.io/spacex/jobs/4727290002?gh_jid=4727290002
298,Hardware Development Engineer (Starlink),"Hawthorne, CA, United States",Full-Time,https://boards.greenhouse.io/spacex/jobs/4728406002?gh_jid=4728406002
299,IC Electronic Design Automation Engineer,"Redmond, WA, United States",Full-Time,https://boards.greenhouse.io/spacex/jobs/4694528002?gh_jid=4694528002
300,IC Electronic Design Automation Engineer,"Irvine, CA, United States",Full-Time,https://boards.greenhouse.io/spacex/jobs/4694530002?gh_jid=4694530002
301,Industrial Automation & Controls Engineer (Starlink),"Redmond, WA, United States",Full-Time,https://boards.greenhouse.io/spacex/jobs/4792948002?gh_jid=4792948002
302,Lead Hardware Test Engineer,"Redmond, WA, United States",Full-Time,https://boards.greenhouse.io/spacex/jobs/4774690002?gh_jid=4774690002
303,Lead Hardware Test Software Engineer,"Redmond, WA, United States",Full-Time,https://boards.greenhouse.io/spacex/jobs/4774798002?gh_jid=4774798002
304,Mechanical Engineer (Starlink Tooling),"Redmond, WA, United States",Full-Time,https://boards.greenhouse.io/spacex/jobs/4793057002?gh_jid=4793057002
305,Network Automation Engineer (Starlink),"Redmond, WA, United States",Full-Time,https://boards.greenhouse.io/spacex/jobs/4743459002?gh_jid=4743459002
306,Network Engineer (Starlink),"Redmond, WA, United States",Full-Time,https://boards.greenhouse.io/spacex/jobs/4742387002?gh_jid=4742387002
307,Optical Engineer,"Redmond, WA, United States",Full-Time,https://boards.greenhouse.io/spacex/jobs/4723561002?gh_jid=4723561002
308,PCB Designer,"Redmond, WA, United States",Full-Time,https://boards.greenhouse.io/spacex/jobs/4773843002?gh_jid=4773843002
309,Power Electronics Engineer,"Redmond, WA, United States",Full-Time,https://boards.greenhouse.io/spacex/jobs/4796107002?gh_jid=4796107002
310,Reliability Engineer (Starlink Gateway Ground Stations),"Redmond, WA, United States",Full-Time,https://boards.greenhouse.io/spacex/jobs/4670275002?gh_jid=4670275002
311,RF and Modem Integration Engineer (Starlink),"Redmond, WA, United States",Full-Time,https://boards.greenhouse.io/spacex/jobs/4706711002?gh_jid=4706711002
312,RFIC Engineer,"Redmond, WA, United States",Full-Time,https://boards.greenhouse.io/spacex/jobs/4679805002?gh_jid=4679805002
313,RF Test Engineer (Starlink),"Redmond, WA, United States",Full-Time,https://boards.greenhouse.io/spacex/jobs/4728390002?gh_jid=4728390002
314,Software Engineer (Global Operations Development),"Redmond, WA, United States",Full-Time,https://boards.greenhouse.io/spacex/jobs/4792813002?gh_jid=4792813002
315,Software Engineer (RF Test),"Redmond, WA, United States",Full-Time,https://boards.greenhouse.io/spacex/jobs/4754174002?gh_jid=4754174002
316,Software Engineer (Starlink Hardware Test),"Redmond, WA, United States",Full-Time,https://boards.greenhouse.io/spacex/jobs/4763318002?gh_jid=4763318002
317,Software Engineer (Wireless Protocol),"Palo Alto, CA, Irvine, CA, Redmond, WA",Full-Time,https://boards.greenhouse.io/spacex/jobs/4727223002?gh_jid=4727223002
318,Solar Array and Battery Electrical Engineer,"Redmond, WA, United States",Full-Time,https://boards.greenhouse.io/spacex/jobs/4727253002?gh_jid=4727253002
319,Solar Array Mechanical Engineer,"Redmond, WA, United States",Full-Time,https://boards.greenhouse.io/spacex/jobs/4764228002?gh_jid=4764228002
320,Sr. Communication Systems Engineer,"Irvine, CA, United States",Full-Time,https://boards.greenhouse.io/spacex/jobs/4727259002?gh_jid=4727259002
321,Sr. FPGA/ASIC Design Engineer,"Redmond, WA, United States",Full-Time,https://boards.greenhouse.io/spacex/jobs/4712462002?gh_jid=4712462002
322,Sr. FPGA/ASIC Design Engineer,"Irvine, CA, United States",Full-Time,https://boards.greenhouse.io/spacex/jobs/4710583002?gh_jid=4710583002
323,Sr. FPGA/ASIC Verification Engineer,"Irvine, CA, United States",Full-Time,https://boards.greenhouse.io/spacex/jobs/4712587002?gh_jid=4712587002
324,Sr. FPGA/ASIC Verification Engineer,"Redmond, WA, United States",Full-Time,https://boards.greenhouse.io/spacex/jobs/4710585002?gh_jid=4710585002
325,Sr. FPGA Engineer (Starlink),"Irvine, CA, United States",Full-Time,https://boards.greenhouse.io/spacex/jobs/4727286002?gh_jid=4727286002
326,Sr. Hardware Development Engineer (Phased Array Systems),"Redmond, WA, United States",Full-Time,https://boards.greenhouse.io/spacex/jobs/4752858002?gh_jid=4752858002
327,Sr. Network Automation Engineer (Starlink),"Redmond, WA, United States",Full-Time,https://boards.greenhouse.io/spacex/jobs/4743440002?gh_jid=4743440002
328,Sr. Software Engineer (RF Test),"Redmond, WA, United States",Full-Time,https://boards.greenhouse.io/spacex/jobs/4763287002?gh_jid=4763287002
329,Sr. Software Engineer (Starlink Hardware Test),"Redmond, WA, United States",Full-Time,https://boards.greenhouse.io/spacex/jobs/4763315002?gh_jid=4763315002
330,Sr. Software Engineer (Wireless Protocol),"Palo Alto, California, United States",Full-Time,https://boards.greenhouse.io/spacex/jobs/4788294002?gh_jid=4788294002
331,Starlink Integration & Test Engineer (Vehicle Systems),"Redmond, WA, United States",Full-Time,https://boards.greenhouse.io/spacex/jobs/4752840002?gh_jid=4752840002
332,Starlink Manufacturing and Process Engineer (Gateway),"Redmond, WA, United States",Full-Time,https://boards.greenhouse.io/spacex/jobs/4767106002?gh_jid=4767106002
333,Starlink Manufacturing and Test Engineer (Environmental Test Lab),"Redmond, WA, United States",Full-Time,https://boards.greenhouse.io/spacex/jobs/4757565002?gh_jid=4757565002
334,Starlink Manufacturing and Test Engineer (PCBA),"Redmond, WA, United States",Full-Time,https://boards.greenhouse.io/spacex/jobs/4757561002?gh_jid=4757561002
335,Starlink Manufacturing Engineer (Electromechanical),"Redmond, WA, United States",Full-Time,https://boards.greenhouse.io/spacex/jobs/4764644002?gh_jid=4764644002
336,Starlink Manufacturing Engineer (Solar),"Redmond, WA, United States",Full-Time,https://boards.greenhouse.io/spacex/jobs/4752849002?gh_jid=4752849002
337,Firmware Engineer,"Hawthorne, CA, United States",Full-Time,https://boards.greenhouse.io/spacex/jobs/4728480002?gh_jid=4728480002
338,Firmware Engineer (Starlink),"Redmond, WA, United States",Full-Time,https://boards.greenhouse.io/spacex/jobs/4684281002?gh_jid=4684281002
339,FPGA Engineer,"Hawthorne, CA, United States",Full-Time,https://boards.greenhouse.io/spacex/jobs/4679784002?gh_jid=4679784002
340,Ground Software Operations,"Hawthorne, CA, United States",Full-Time,https://boards.greenhouse.io/spacex/jobs/4679780002?gh_jid=4679780002
341,"Lead Software Engineer (Simulation Software, Top Secret Clearance)","Hawthorne, CA, United States",Full-Time,https://boards.greenhouse.io/spacex/jobs/4713942002?gh_jid=4713942002
342,"Manager, Product Security Engineering","Redmond, WA, United States",Full-Time,https://boards.greenhouse.io/spacex/jobs/4696185002?gh_jid=4696185002
343,"Manager, Product Security Engineering","Hawthorne, CA, United States",Full-Time,https://boards.greenhouse.io/spacex/jobs/4691514002?gh_jid=4691514002
344,Product Security Engineer,"Hawthorne, CA, United States",Full-Time,https://boards.greenhouse.io/spacex/jobs/4744221002?gh_jid=4744221002
345,Product Security Engineer,"Redmond, WA, United States",Full-Time,https://boards.greenhouse.io/spacex/jobs/4696173002?gh_jid=4696173002
346,Senior Firmware Engineer,"Redmond, WA, United States",Full-Time,https://boards.greenhouse.io/spacex/jobs/4773952002?gh_jid=4773952002
347,Senior Firmware Engineer,"Hawthorne, CA, United States",Full-Time,https://boards.greenhouse.io/spacex/jobs/4679793002?gh_jid=4679793002
348,Senior FPGA Engineer,"Hawthorne, CA, United States",Full-Time,https://boards.greenhouse.io/spacex/jobs/4679785002?gh_jid=4679785002
349,Senior Product Security Engineer,"Hawthorne, CA, United States",Full-Time,https://boards.greenhouse.io/spacex/jobs/4696176002?gh_jid=4696176002
350,Senior Software Engineer (C++),"Hawthorne, CA, United States",Full-Time,https://boards.greenhouse.io/spacex/jobs/4767111002?gh_jid=4767111002
351,Senior Software Engineer (Embedded Linux Software),"Hawthorne, CA, United States",Full-Time,https://boards.greenhouse.io/spacex/jobs/4787115002?gh_jid=4787115002
352,Senior Software Engineer (Full Stack/ Developer Tools),"Hawthorne, CA, United States",Full-Time,https://boards.greenhouse.io/spacex/jobs/4747757002?gh_jid=4747757002
353,Senior Software Engineer (Simulation Software),"Hawthorne, CA, United States",Full-Time,https://boards.greenhouse.io/spacex/jobs/4691541002?gh_jid=4691541002
354,Senior Software Engineer (Software Test),"Hawthorne, CA, United States",Full-Time,https://boards.greenhouse.io/spacex/jobs/4789972002?gh_jid=4789972002
355,Senior Software Engineer (Space Lasers),"Hawthorne, CA, United States",Full-Time,https://boards.greenhouse.io/spacex/jobs/4390471002?gh_jid=4390471002
356,Senior Software Engineer (Starlink),"Redmond, WA, United States",Full-Time,https://boards.greenhouse.io/spacex/jobs/4745547002?gh_jid=4745547002
357,Senior Software Engineer (Starlink Network),"Redmond, WA, United States",Full-Time,https://boards.greenhouse.io/spacex/jobs/4780887002?gh_jid=4780887002
358,Senior Software Engineer (Starlink) - Temporary,"Redmond, WA, United States",Temporary,https://boards.greenhouse.io/spacex/jobs/4751791002?gh_jid=4751791002
359,Senior Software Engineer (Starlink User Terminals),"Hawthorne, CA, United States",Full-Time,https://boards.greenhouse.io/spacex/jobs/4744224002?gh_jid=4744224002
360,Senior Software Engineer (Starship),"Hawthorne, CA, United States",Full-Time,https://boards.greenhouse.io/spacex/jobs/4747222002?gh_jid=4747222002
361,Senior Software Engineer (Vehicle),"Hawthorne, CA, United States",Full-Time,https://boards.greenhouse.io/spacex/jobs/4709816002?gh_jid=4709816002
362,Senior Web Developer,"Hawthorne, CA, United States",Full-Time,https://boards.greenhouse.io/spacex/jobs/4759149002?gh_jid=4759149002
363,Software Engineer (Build Reliability),"Hawthorne, CA, United States",Full-Time,https://boards.greenhouse.io/spacex/jobs/4740468002?gh_jid=4740468002
364,Software Engineer (C++),"Hawthorne, CA, United States",Full-Time,https://boards.greenhouse.io/spacex/jobs/4740393002?gh_jid=4740393002
365,Software Engineer (Corporate Operations) â€“ Temporary,"Hawthorne, CA, United States",Temporary,https://boards.greenhouse.io/spacex/jobs/4781270002?gh_jid=4781270002
366,Software Engineer (Crew Dragon),"Hawthorne, CA, United States",Full-Time,https://boards.greenhouse.io/spacex/jobs/4741996002?gh_jid=4741996002
367,Software Engineer (Embedded Software),"Hawthorne, CA, United States",Full-Time,https://boards.greenhouse.io/spacex/jobs/4591318002?gh_jid=4591318002
368,Software Engineer (Full Stack/ Developer Tools),"Hawthorne, CA, United States",Full-Time,https://boards.greenhouse.io/spacex/jobs/4747283002?gh_jid=4747283002
369,"Software Engineer (Simulation Software, Top Secret Clearance)","Hawthorne, CA, United States",Full-Time,https://boards.greenhouse.io/spacex/jobs/4713929002?gh_jid=4713929002
370,Software Engineer (Starlink),"Redmond, WA, United States",Full-Time,https://boards.greenhouse.io/spacex/jobs/4745539002?gh_jid=4745539002
371,Software Engineer (Starlink Applications),"Hawthorne, CA, United States",Full-Time,https://boards.greenhouse.io/spacex/jobs/4682610002?gh_jid=4682610002
372,Software Engineer (Starlink Network),"Redmond, WA, United States",Full-Time,https://boards.greenhouse.io/spacex/jobs/4770694002?gh_jid=4770694002
373,Software Engineer (Starlink Test),"Redmond, WA, United States",Full-Time,https://boards.greenhouse.io/spacex/jobs/4774997002?gh_jid=4774997002
374,Software Engineer (Starlink Test),"Hawthorne, CA, United States",Full-Time,https://boards.greenhouse.io/spacex/jobs/4775001002?gh_jid=4775001002
375,Software Engineer (Starlink User Terminals),"Hawthorne, CA, United States",Full-Time,https://boards.greenhouse.io/spacex/jobs/4744229002?gh_jid=4744229002
376,Software Engineer (Starship),"Hawthorne, CA, United States",Full-Time,https://boards.greenhouse.io/spacex/jobs/4747238002?gh_jid=4747238002
377,Software Engineer (Vehicle),"Hawthorne, CA, United States",Full-Time,https://boards.greenhouse.io/spacex/jobs/4709772002?gh_jid=4709772002
378,Software Engineer (Vehicle Operations),"Hawthorne, CA, United States",Full-Time,https://boards.greenhouse.io/spacex/jobs/4778308002?gh_jid=4778308002
379,Software Operations Engineer,"Hawthorne, CA, United States",Full-Time,https://boards.greenhouse.io/spacex/jobs/4499872002?gh_jid=4499872002
380,Sr. Software Engineer (Test Software),"McGregor, TX, United States",Full-Time,https://boards.greenhouse.io/spacex/jobs/4637487002?gh_jid=4637487002
381,Test Software Engineer (Starlink),"Hawthorne, CA, United States",Full-Time,https://boards.greenhouse.io/spacex/jobs/4718792002?gh_jid=4718792002
382,Human Factors Engineer,"Hawthorne, CA, United States",Full-Time,https://boards.greenhouse.io/spacex/jobs/4692302002?gh_jid=4692302002
383,"Space Operations Engineer, Operations Automation","Hawthorne, CA, United States",Full-Time,https://boards.greenhouse.io/spacex/jobs/4735706002?gh_jid=4735706002
384,Automation & Controls Technician - Temporary,"Brownsville, TX, United States",Temporary,https://boards.greenhouse.io/spacex/jobs/4767844002?gh_jid=4767844002
385,Avionics Manufacturing Engineer (Starship),"Brownsville, TX, United States",Full-Time,https://boards.greenhouse.io/spacex/jobs/4758994002?gh_jid=4758994002
386,Certified Weld Inspector (CWI) - 2nd Shift - Temporary,"Brownsville, TX, United States",Temporary,https://boards.greenhouse.io/spacex/jobs/4724436002?gh_jid=4724436002
387,Communications Technician - Temporary,"Brownsville, TX, United States",Temporary,https://boards.greenhouse.io/spacex/jobs/4748299002?gh_jid=4748299002
388,Corrosion Control Technician - Temporary,"Brownsville, TX, United States",Temporary,https://boards.greenhouse.io/spacex/jobs/4755918002?gh_jid=4755918002
389,Environmental Control Ground Systems Engineer,"Brownsville, TX, United States",Full-Time,https://boards.greenhouse.io/spacex/jobs/4734906002?gh_jid=4734906002
390,Facilities Technician - Temporary,"Brownsville, TX, United States",Temporary,https://boards.greenhouse.io/spacex/jobs/4731242002?gh_jid=4731242002
391,Hydraulics Engineer,"Brownsville, TX, United States",Full-Time,https://boards.greenhouse.io/spacex/jobs/4731490002?gh_jid=4731490002
392,"Launch Engineer, Fluid Systems","Brownsville, TX, United States",Full-Time,https://boards.greenhouse.io/spacex/jobs/4770505002?gh_jid=4770505002
393,Mechanical Technician (Starship),"Brownsville, TX, United States",Temporary,https://boards.greenhouse.io/spacex/jobs/4725627002?gh_jid=4725627002
394,Orbital Tube Welder (Starship) - Temporary,"Brownsville, TX, United States",Full-Time,https://boards.greenhouse.io/spacex/jobs/4754251002?gh_jid=4754251002
395,Permits Coordinator - Temporary,"Brownsville, TX, United States",Temporary,https://boards.greenhouse.io/spacex/jobs/4800560002?gh_jid=4800560002
396,Pipe Welder - Temporary,"Brownsville, TX, United States",Temporary,https://boards.greenhouse.io/spacex/jobs/4770100002?gh_jid=4770100002
397,Propulsion Systems Engineer (Starship),"Hawthorne, CA, United States",Full-Time,https://boards.greenhouse.io/spacex/jobs/4784327002?gh_jid=4784327002
398,Sr. Tooling Manufacturing Engineer,"Brownsville, TX, United States",Full-Time,https://boards.greenhouse.io/spacex/jobs/4740980002?gh_jid=4740980002
399,Starship Apprentice Integration Technician - Temporary,"Brownsville, TX, United States",Temporary,https://boards.greenhouse.io/spacex/jobs/4753598002?gh_jid=4753598002
400,Starship Avionics Integration Technician - Temporary,"Brownsville, TX, United States",Temporary,https://boards.greenhouse.io/spacex/jobs/4713835002?gh_jid=4713835002
401,Starship Integration Technician - Temporary,"Brownsville, TX, United States",Temporary,https://boards.greenhouse.io/spacex/jobs/4753593002?gh_jid=4753593002
402,Tank Fabricator/Welder (TIG/6G) - Temporary,"Brownsville, TX, United States",Temporary,https://boards.greenhouse.io/spacex/jobs/4758758002?gh_jid=4758758002
403,Tank Fabricator/Welder (TIG/6G) - Temporary,"Brownsville, TX, United States",Temporary,https://boards.greenhouse.io/spacex/jobs/4741336002?gh_jid=4741336002
404,Test Operations Engineer (Starship),"Brownsville, TX, United States",Full-Time,https://boards.greenhouse.io/spacex/jobs/4770507002?gh_jid=4770507002
405,Tooling Technician - Temporary,"Brownsville, TX, United States",Temporary,https://boards.greenhouse.io/spacex/jobs/4776333002?gh_jid=4776333002
406,Toolmaker - Temporary,"Brownsville, TX, United States",Temporary,https://boards.greenhouse.io/spacex/jobs/4779908002?gh_jid=4779908002
407,Welder - Temporary,"Brownsville, TX, United States",Temporary,https://boards.greenhouse.io/spacex/jobs/4730053002?gh_jid=4730053002
408,Avionics Quality Inspector - Starlink User Terminal,"Hawthorne, CA, United States",Full-Time,https://boards.greenhouse.io/spacex/jobs/4590624002?gh_jid=4590624002
409,Buyer (Ground Engineering),"Hawthorne, CA, United States",Full-Time,https://boards.greenhouse.io/spacex/jobs/4741039002?gh_jid=4741039002
410,Buyer II - Starlink Satellites,"Redmond, WA, United States",Full-Time,https://boards.greenhouse.io/spacex/jobs/4760337002?gh_jid=4760337002
411,Buyer/Planner â€“ Launch Vehicle Team,"Brownsville, TX, United States",Full-Time,https://boards.greenhouse.io/spacex/jobs/4778673002?gh_jid=4778673002
412,Buyer - Propulsion Supply Chain,"Hawthorne, CA, United States",Full-Time,https://boards.greenhouse.io/spacex/jobs/4792785002?gh_jid=4792785002
413,Buyer - Rocket & Spacecraft Mechanical Systems,"Cape Canaveral, FL, United States",Full-Time,https://boards.greenhouse.io/spacex/jobs/4747278002?gh_jid=4747278002
414,Commodity Manager - Starship Supply Chain,"Brownsville, TX, United States",Full-Time,https://boards.greenhouse.io/spacex/jobs/4722315002?gh_jid=4722315002
415,Global Supply Manager - Electromechanical,"Hawthorne, CA, United States",Full-Time,https://boards.greenhouse.io/spacex/jobs/4289783002?gh_jid=4289783002
416,Global Supply Manager (Mechanical Assemblies) - Starlink User Terminal,"Hawthorne, CA, United States",Full-Time,https://boards.greenhouse.io/spacex/jobs/4592906002?gh_jid=4592906002
417,Global Supply Manager - Onsite in South East Asia,"Hawthorne, CA, United States",Full-Time,https://boards.greenhouse.io/spacex/jobs/4516668002?gh_jid=4516668002
418,Global Supply Manager - Optics,"Redmond, WA, United States",Full-Time,https://boards.greenhouse.io/spacex/jobs/4713503002?gh_jid=4713503002
419,Internal Fleet Driver,"Cape Canaveral, FL, United States",Full-Time,https://boards.greenhouse.io/spacex/jobs/4668772002?gh_jid=4668772002
420,Internal Fleet Driver,"Hawthorne, CA, United States",Full-Time,https://boards.greenhouse.io/spacex/jobs/4358515002?gh_jid=4358515002
421,Inventory Analyst (1st Shift),"Hawthorne, CA, United States",Full-Time,https://boards.greenhouse.io/spacex/jobs/4669960002?gh_jid=4669960002
422,Inventory Specialist,"Cape Canaveral, FL, United States",Full-Time,https://boards.greenhouse.io/spacex/jobs/4723645002?gh_jid=4723645002
423,Inventory Specialist (1st Shift),"Hawthorne, CA, United States",Full-Time,https://boards.greenhouse.io/spacex/jobs/4669911002?gh_jid=4669911002
424,Inventory Specialist - 2nd shift,"Redmond, WA, United States",Full-Time,https://boards.greenhouse.io/spacex/jobs/4797178002?gh_jid=4797178002
425,Inventory Specialist (2nd Shift),"Hawthorne, CA, United States",Full-Time,https://boards.greenhouse.io/spacex/jobs/4787850002?gh_jid=4787850002
426,Inventory Specialist (2nd Shift),"Cape Canaveral, FL, United States",Full-Time,https://boards.greenhouse.io/spacex/jobs/4494383002?gh_jid=4494383002
427,Inventory Specialist (2nd Shift),"Redmond, WA, United States",Full-Time,https://boards.greenhouse.io/spacex/jobs/4688155002?gh_jid=4688155002
428,Launch logistics Specialist,"Boca Chica, TX",Full-Time,https://boards.greenhouse.io/spacex/jobs/4385980002?gh_jid=4385980002
429,"Launch Logistics Specialist - Vandenberg, CA","Vandenberg, CA, United States",Full-Time,https://boards.greenhouse.io/spacex/jobs/4786514002?gh_jid=4786514002
430,Lead Avionics Logistics,"Hawthorne, CA, United States",Full-Time,https://boards.greenhouse.io/spacex/jobs/4768356002?gh_jid=4768356002
431,Material Handler (1st Shift),"Hawthorne, CA, United States",Full-Time,https://boards.greenhouse.io/spacex/jobs/4801398002?gh_jid=4801398002
432,Material Handler (2nd Shift),"Hawthorne, CA, United States",Full-Time,https://boards.greenhouse.io/spacex/jobs/4375606002?gh_jid=4375606002
433,Material Planner - Launch Vehicle Raw Materials,"Hawthorne, CA, United States",Full-Time,https://boards.greenhouse.io/spacex/jobs/4795513002?gh_jid=4795513002
434,Material Planner - Starlink User Teminal,"Hawthorne, CA, United States",Full-Time,https://boards.greenhouse.io/spacex/jobs/4791672002?gh_jid=4791672002
435,Mechanical Engineer - Starship Supply Chain Engineering,"Brownsville, TX, United States",Full-Time,https://boards.greenhouse.io/spacex/jobs/4794456002?gh_jid=4794456002
436,Metallurgical Engineer - Starship (Supply Chain Engineering),"Hawthorne, CA, United States",Full-Time,https://boards.greenhouse.io/spacex/jobs/4793101002?gh_jid=4793101002
437,Precision Inspector - Starlink User Terminal (2nd Shift),"Hawthorne, CA, United States",Full-Time,https://boards.greenhouse.io/spacex/jobs/4590615002?gh_jid=4590615002
438,Production Coordinator,"Cape Canaveral, FL",Full-Time,https://boards.greenhouse.io/spacex/jobs/4795666002?gh_jid=4795666002
439,Quality Specialist - Central Quality Engineering,"Brownsville, TX, United States",Full-Time,https://boards.greenhouse.io/spacex/jobs/4801435002?gh_jid=4801435002
440,Quality Specialist â€“ Central Quality Engineering (Temporary),"Brownsville, TX, United States",Temporary,https://boards.greenhouse.io/spacex/jobs/4724312002?gh_jid=4724312002
441,Receiving Clerk,"Hawthorne, CA, United States",Full-Time,https://boards.greenhouse.io/spacex/jobs/4517476002?gh_jid=4517476002
442,Receiving Clerk (1st Shift),"Hawthorne, CA, United States",Full-Time,https://boards.greenhouse.io/spacex/jobs/4579301002?gh_jid=4579301002
443,Receiving Clerk - Quality Assurance,"Hawthorne, CA, United States",Full-Time,https://boards.greenhouse.io/spacex/jobs/4668783002?gh_jid=4668783002
444,Receiving Inspector (2nd Shift),"Hawthorne, CA, United States",Full-Time,https://boards.greenhouse.io/spacex/jobs/4637983002?gh_jid=4637983002
445,Receiving Specialist,"Cape Canaveral, FL, United States",Full-Time,https://boards.greenhouse.io/spacex/jobs/4723643002?gh_jid=4723643002
446,Receiving Specialist,"Redmond, WA, United States",Full-Time,https://boards.greenhouse.io/spacex/jobs/4480538002?gh_jid=4480538002
447,Shipping Specialist,"Hawthorne, CA, United States",Full-Time,https://boards.greenhouse.io/spacex/jobs/4514134002?gh_jid=4514134002
448,Shipping Specialist,"Cape Canaveral, FL, United States",Full-Time,https://boards.greenhouse.io/spacex/jobs/4723641002?gh_jid=4723641002
449,Shipping Specialist - Logistics (2nd Shift),"Hawthorne, CA, United States",Full-Time,https://boards.greenhouse.io/spacex/jobs/4683517002?gh_jid=4683517002
450,Sr. Material Planner - Starship Avionics and Mechanical Components,"Brownsville, TX, United States",Full-Time,https://boards.greenhouse.io/spacex/jobs/4723181002?gh_jid=4723181002
451,"Supervisor, Materials Management- Cape Logistics","Cape Canaveral, FL, United States",Full-Time,https://boards.greenhouse.io/spacex/jobs/4683395002?gh_jid=4683395002
452,Supervisor â€“ Satellite Materials Management,"Redmond, WA, United States",Full-Time,https://boards.greenhouse.io/spacex/jobs/4760147002?gh_jid=4760147002
453,Supervisor â€“ User Terminal Materials Management,"Hawthorne, CA, United States",Full-Time,https://boards.greenhouse.io/spacex/jobs/4733832002?gh_jid=4733832002
454,"Supplier Development Engineer, Injection Molding (Starlink)","Hawthorne, CA, United States",Full-Time,https://boards.greenhouse.io/spacex/jobs/4639525002?gh_jid=4639525002
455,Supplier Development Engineer - Starlink Mechanical Systems,"Hawthorne, CA, United States",Full-Time,https://boards.greenhouse.io/spacex/jobs/4394956002?gh_jid=4394956002
456,Supplier Quality Engineer (Onsite in Asia),Asia,Full-Time,https://boards.greenhouse.io/spacex/jobs/4716168002?gh_jid=4716168002
457,Supply Chain Engineer - Starship,"Hawthorne, CA, United States",Full-Time,https://boards.greenhouse.io/spacex/jobs/4664274002?gh_jid=4664274002
458,Supply Chain Manager - Starlink (Electromechanical),"Redmond, WA, United States",Full-Time,https://boards.greenhouse.io/spacex/jobs/4435782002?gh_jid=4435782002
459,Lead Data & Control Systems Engineer,"McGregor, TX, United States",Full-Time,https://boards.greenhouse.io/spacex/jobs/4715358002?gh_jid=4715358002
460,"Manager, Automation & Control Systems","McGregor, TX, United States",Full-Time,https://boards.greenhouse.io/spacex/jobs/4774613002?gh_jid=4774613002
461,Propulsion Test & Development Build Engineer,"McGregor, TX, United States",Full-Time,https://boards.greenhouse.io/spacex/jobs/4799879002?gh_jid=4799879002
462,Test Equipment Engineer (Raptor),"McGregor, TX, United States",Full-Time,https://boards.greenhouse.io/spacex/jobs/4765299002?gh_jid=4765299002
463,Test Operations Engineer (Propulsion),"McGregor, TX, United States",Full-Time,https://boards.greenhouse.io/spacex/jobs/4799762002?gh_jid=4799762002
464,Maintenance Technician,"McGregor, TX, United States",Full-Time,https://boards.greenhouse.io/spacex/jobs/4793761002?gh_jid=4793761002
465,Rocket Test Facility Scheduler,"McGregor, TX, United States",Full-Time,https://boards.greenhouse.io/spacex/jobs/4781644002?gh_jid=4781644002
466,Test Operations Technician,"McGregor, TX, United States",Full-Time,https://boards.greenhouse.io/spacex/jobs/4761841002?gh_jid=4761841002
467,Test Specialist (Starlink),"Hawthorne, CA, United States",Full-Time,https://boards.greenhouse.io/spacex/jobs/4758954002?gh_jid=4758954002
468,Dynamics Software Engineer,"Hawthorne, CA, United States",Full-Time,https://boards.greenhouse.io/spacex/jobs/4791359002?gh_jid=4791359002
469,Loads & Dynamics Engineer,"Hawthorne, CA, United States",Full-Time,https://boards.greenhouse.io/spacex/jobs/4766570002?gh_jid=4766570002
470,Multibody Dynamics Engineer,"Hawthorne, CA, United States",Full-Time,https://boards.greenhouse.io/spacex/jobs/4738381002?gh_jid=4738381002
471,Aeronautical Terminal Certification Manager,"Hawthorne, CA, United States",Full-Time,https://boards.greenhouse.io/spacex/jobs/4658189002?gh_jid=4658189002
472,Build Engineer (Starship),"Brownsville, TX, United States",Full-Time,https://boards.greenhouse.io/spacex/jobs/4715975002?gh_jid=4715975002
473,Build Supervisor - Starship,"Brownsville, TX, United States",Full-Time,https://boards.greenhouse.io/spacex/jobs/4664255002?gh_jid=4664255002
474,Certification Engineer (Starlink),"Hawthorne, CA, United States",Full-Time,https://boards.greenhouse.io/spacex/jobs/4772039002?gh_jid=4772039002
475,Embedded Software Engineer (Starlink),"Hawthorne, CA, United States",Full-Time,https://boards.greenhouse.io/spacex/jobs/4776410002?gh_jid=4776410002
476,Falcon Mechanical Engineer,"Hawthorne, CA, United States",Full-Time,https://boards.greenhouse.io/spacex/jobs/4737387002?gh_jid=4737387002
477,Manufacturing Development Engineer (Starlink),"Hawthorne, CA, United States",Full-Time,https://boards.greenhouse.io/spacex/jobs/4781281002?gh_jid=4781281002
478,Manufacturing Specialist (Starlink),"Hawthorne, CA, United States",Full-Time,https://boards.greenhouse.io/spacex/jobs/4780989002?gh_jid=4780989002
479,Mechanical Engineer (Starship),"Brownsville, TX, United States",Full-Time,https://boards.greenhouse.io/spacex/jobs/4694458002?gh_jid=4694458002
480,Production Associate (Components) - Temporary,"Hawthorne, CA, United States",Temporary,https://boards.greenhouse.io/spacex/jobs/4792895002?gh_jid=4792895002
481,Production Coordinator - 2nd Shift,"Hawthorne, CA, United States",Full-Time,https://boards.greenhouse.io/spacex/jobs/4764476002?gh_jid=4764476002
482,Production Coordinator - Temporary,"Brownsville, TX, United States",Temporary,https://boards.greenhouse.io/spacex/jobs/4793001002?gh_jid=4793001002
483,Propulsion Build Engineer (Starship),"Brownsville, TX, United States",Full-Time,https://boards.greenhouse.io/spacex/jobs/4717248002?gh_jid=4717248002
484,Propulsion Components Manufacturing Engineer,"Hawthorne, CA, United States",Full-Time,https://boards.greenhouse.io/spacex/jobs/4742333002?gh_jid=4742333002
485,Prototype CNC Machinist,"Hawthorne, CA, United States",Full-Time,https://boards.greenhouse.io/spacex/jobs/4676897002?gh_jid=4676897002
486,Reliability Engineer (Starship),"Brownsville, TX, United States",Full-Time,https://boards.greenhouse.io/spacex/jobs/4694455002?gh_jid=4694455002
487,SMT Process Engineer (Starlink),"Hawthorne, CA, United States",Full-Time,https://boards.greenhouse.io/spacex/jobs/4738191002?gh_jid=4738191002
488,Space Suit Sewer,"Hawthorne, CA, United States",Full-Time,https://boards.greenhouse.io/spacex/jobs/4752975002?gh_jid=4752975002
489,SPMT Supervisor,"Brownsville, TX, United States",Full-Time,https://boards.greenhouse.io/spacex/jobs/4775984002?gh_jid=4775984002
490,Sr. Build Engineer (Starship),"Brownsville, TX, United States",Full-Time,https://boards.greenhouse.io/spacex/jobs/4717413002?gh_jid=4717413002
491,Starlink Development Engineer,"Hawthorne, CA, United States",Full-Time,https://boards.greenhouse.io/spacex/jobs/4781123002?gh_jid=4781123002
492,Structures Designer (Vehicle Engineering),"Hawthorne, CA, United States",Full-Time,https://boards.greenhouse.io/spacex/jobs/4723566002?gh_jid=4723566002
493,Structures Engineer (Fabrication),"Brownsville, TX, United States",Full-Time,https://boards.greenhouse.io/spacex/jobs/4717416002?gh_jid=4717416002
494,Structures Technician (Starship),"Hawthorne, CA, United States",Full-Time,https://boards.greenhouse.io/spacex/jobs/4750387002?gh_jid=4750387002
495,Welder (Starship),"Hawthorne, CA, United States",Full-Time,https://boards.greenhouse.io/spacex/jobs/4750393002?gh_jid=4750393002
496,Welding Supervisor (Starship),"Brownsville, TX, United States",Full-Time,https://boards.greenhouse.io/spacex/jobs/4664299002?gh_jid=4664299002
